source,destination,distance
0,1,11795
0,2,13705
0,3,10598
0,4,13471
0,5,9205
0,6,9799
0,7,9952
0,8,8135
0,9,15824
0,10,15670
0,11,13308
0,12,12065
0,13,14393
0,14,11342
0,15,11072
0,16,15453
0,17,11508
0,18,14197
0,19,10894
0,20,7857
0,21,15919
0,22,12169
0,23,11409
0,24,16045
0,25,15170
0,26,15830
0,27,13680
0,28,10505
0,29,15421
0,30,15581
0,31,9974
0,32,11033
0,33,10360
0,34,12380
0,35,13413
0,36,14068
0,37,14243
0,38,13040
0,39,9840
0,40,14007
0,41,15156
0,42,10843
0,43,8918
0,44,14392
0,45,15841
0,46,14221
0,47,16119
0,48,11331
0,49,10110
0,50,13038
0,51,8167
0,52,13851
0,53,9272
0,54,12607
0,55,10899
0,56,11706
0,57,11749
0,58,15541
0,59,9221
0,60,8169
0,61,13310
0,62,9845
0,63,13466
0,64,11349
0,65,13156
0,66,14691
0,67,14784
0,68,9989
0,69,11391
0,70,14146
0,71,8573
0,72,8569
0,73,14096
0,74,9763
0,75,10816
0,76,11064
0,77,8139
0,78,8499
0,79,13714
0,80,11737
0,81,13726
0,82,9041
0,83,11772
0,84,13649
0,85,8774
0,86,12153
0,87,8574
0,88,7846
0,89,12147
0,90,15553
0,91,11916
0,92,9315
0,93,13152
0,94,11529
0,95,10528
0,96,15308
0,97,12171
0,98,12201
0,99,12059
0,100,15181
1,0,11795
1,2,2232
1,3,1211
1,4,2753
1,5,2964
1,6,2436
1,7,2969
1,8,3748
1,9,4352
1,10,4347
1,11,1844
1,12,3502
1,13,2627
1,14,3420
1,15,1136
1,16,4589
1,17,3406
1,18,2417
1,19,3648
1,20,3940
1,21,4124
1,22,603
1,23,636
1,24,4274
1,25,3990
1,26,4630
1,27,2057
1,28,2355
1,29,4594
1,30,4559
1,31,3619
1,32,2957
1,33,1576
1,34,2279
1,35,2328
1,36,2408
1,37,2723
1,38,1259
1,39,2467
1,40,2213
1,41,3461
1,42,1229
1,43,3132
1,44,3862
1,45,4707
1,46,3515
1,47,5160
1,48,2039
1,49,2768
1,50,1721
1,51,3730
1,52,2080
1,53,3655
1,54,813
1,55,3662
1,56,1484
1,57,939
1,58,3870
1,59,2677
1,60,3708
1,61,1516
1,62,2443
1,63,2054
1,64,512
1,65,2171
1,66,2915
1,67,3564
1,68,1931
1,69,1458
1,70,3197
1,71,3366
1,72,3313
1,73,2632
1,74,2237
1,75,1011
1,76,1727
1,77,4619
1,78,3533
1,79,1958
1,80,2967
1,81,1978
1,82,2794
1,83,1730
1,84,2804
1,85,3957
1,86,1072
1,87,3238
1,88,3981
1,89,353
1,90,4367
1,91,426
1,92,4333
1,93,3492
1,94,3093
1,95,1395
1,96,4166
1,97,1038
1,98,2706
1,99,1431
1,100,4504
2,0,13705
2,1,2232
2,3,3365
2,4,3589
2,5,4532
2,6,4667
2,7,4024
2,8,5863
2,9,3763
2,10,3969
2,11,408
2,12,5183
2,13,1101
2,14,5324
2,15,3345
2,16,4642
2,17,5264
2,18,1638
2,19,5652
2,20,5907
2,21,2596
2,22,1674
2,23,2845
2,24,2972
2,25,3885
2,26,4335
2,27,2131
2,28,3364
2,29,4678
2,30,4470
2,31,5784
2,32,4966
2,33,3367
2,34,3790
2,35,644
2,36,2149
2,37,538
2,38,1562
2,39,4700
2,40,1241
2,41,2632
2,42,3460
2,43,5327
2,44,4400
2,45,4468
2,46,4034
2,47,4997
2,48,4038
2,49,3823
2,50,671
2,51,5538
2,52,1602
2,53,5881
2,54,1584
2,55,5664
2,56,3394
2,57,2916
2,58,2999
2,59,4490
2,60,5538
2,61,1358
2,62,4675
2,63,245
2,64,2742
2,65,816
2,66,1353
2,67,3548
2,68,3730
2,69,2345
2,70,3621
2,71,5520
2,72,5441
2,73,2665
2,74,4447
2,75,3202
2,76,2701
2,77,6848
2,78,5712
2,79,1662
2,80,4763
2,81,782
2,82,4905
2,83,2060
2,84,3504
2,85,5237
2,86,2742
2,87,5171
2,88,5873
2,89,1964
2,90,4151
2,91,1929
2,92,6533
2,93,4707
2,94,4954
2,95,3613
2,96,4053
2,97,2694
2,98,4319
2,99,3146
2,100,4736
3,0,10598
3,1,1211
3,2,3365
3,4,3432
3,5,2065
3,6,1408
3,7,2458
3,8,2539
3,9,5398
3,10,5336
3,11,2961
3,12,3456
3,13,3837
3,14,3127
3,15,809
3,16,5425
3,17,3174
3,18,3600
3,19,3193
3,20,2752
3,21,5325
3,22,1694
3,23,865
3,24,5451
3,25,4918
3,26,5581
3,27,3137
3,28,2040
3,29,5418
3,30,5448
3,31,2869
3,32,2572
3,33,822
3,34,2607
3,35,3330
3,36,3514
3,37,3880
3,38,2443
3,39,1472
3,40,3418
3,41,4595
3,42,615
3,43,1964
3,44,4550
3,45,5638
3,46,4245
3,47,6044
3,48,1856
3,49,2301
3,50,2774
3,51,2619
3,52,3255
3,53,2696
3,54,2023
3,55,3207
3,56,1651
3,57,1351
3,58,4995
3,59,1621
3,60,2585
3,61,2715
3,62,1442
3,63,3160
3,64,754
3,65,3125
3,66,4126
3,67,4495
3,68,1016
3,69,1701
3,70,4004
3,71,2166
3,72,2105
3,73,3642
3,74,1104
3,75,229
3,76,1722
3,77,3526
3,78,2348
3,79,3121
3,80,2868
3,81,3186
3,82,1583
3,83,2166
3,84,3542
3,85,3157
3,86,1737
3,87,2077
3,88,2821
3,89,1558
3,90,5307
3,91,1436
3,92,3456
3,93,3835
3,94,2897
3,95,388
3,96,5086
3,97,1736
3,98,2847
3,99,1860
3,100,5274
4,0,13471
4,1,2753
4,2,3589
4,3,3432
4,5,5491
4,6,3706
4,7,5691
4,8,5421
4,9,2475
4,10,2237
4,11,3445
4,12,2081
4,13,2970
4,14,2600
4,15,2675
4,16,2035
4,17,2459
4,18,2225
4,19,3083
4,20,5926
4,21,3516
4,22,3016
4,23,2616
4,24,3301
4,25,1710
4,26,2361
4,27,1487
4,28,5102
4,29,2018
4,30,2120
4,31,3746
4,32,2616
4,33,4145
4,34,1098
4,35,4106
4,36,1648
4,37,3747
4,38,2143
4,39,3652
4,40,2492
4,41,2321
4,42,2916
4,43,4589
4,44,1125
4,45,2370
4,46,816
4,47,2687
4,48,2140
4,49,5497
4,50,3587
4,51,5970
4,52,2061
4,53,4294
4,54,2465
4,55,3087
4,56,1862
4,57,2087
4,58,2539
4,59,5041
4,60,5924
4,61,2254
4,62,3651
4,63,3602
4,64,2831
4,65,4113
4,66,3048
4,67,1364
4,68,4428
4,69,4187
4,70,678
4,71,4967
4,72,5016
4,73,1200
4,74,3838
4,75,3218
4,76,4477
4,77,5468
4,78,4997
4,79,1957
4,80,2001
4,81,2825
4,82,4649
4,83,4362
4,84,204
4,85,6567
4,86,1742
4,87,5373
4,88,6082
4,89,2562
4,90,2086
4,91,3055
4,92,4558
4,93,1184
4,94,2253
4,95,3277
4,96,1839
4,97,1760
4,98,1423
4,99,1579
4,100,1847
5,0,9205
5,1,2964
5,2,4532
5,3,2065
5,4,5491
5,6,2609
5,7,1049
5,8,2186
5,9,7316
5,10,7300
5,11,4146
5,12,5347
5,13,5337
5,14,4877
5,15,2860
5,16,7463
5,17,4965
5,18,5314
5,19,4790
5,20,1728
5,21,6923
5,22,3144
5,23,2884
5,24,7148
5,25,6918
5,26,7571
5,27,5021
5,28,1355
5,29,7459
5,30,7467
5,31,4139
5,32,4307
5,33,1391
5,34,4660
5,35,4209
5,36,5368
5,37,5066
5,38,4186
5,39,2714
5,40,5039
5,41,6401
5,42,2636
5,43,2359
5,44,6612
5,45,7639
5,46,6302
5,47,8067
5,48,3805
5,49,1092
5,50,3861
5,51,1123
5,52,4998
5,53,3598
5,54,3697
5,55,4804
5,56,3708
5,57,3404
5,58,6814
5,59,626
5,60,1156
5,61,4402
5,62,2686
5,63,4289
5,64,2696
5,65,3952
5,66,5640
5,67,6491
5,68,1067
5,69,2193
5,70,6044
5,71,2178
5,72,1993
5,73,5586
5,74,2205
5,75,2273
5,76,1860
5,77,3823
5,78,2445
5,79,4891
5,80,4767
5,81,4671
5,82,1683
5,83,2569
5,84,5594
5,85,1108
5,86,3770
5,87,1132
5,88,1544
5,89,3294
5,90,7302
5,91,2921
5,92,4393
5,93,5869
5,94,4736
5,95,2294
5,96,7090
5,97,3762
5,98,4850
5,99,3924
5,100,7328
6,0,9799
6,1,2436
6,2,4667
6,3,1408
6,4,3706
6,5,2609
6,7,3396
6,8,1717
6,9,6025
6,10,5873
6,11,4275
6,12,2880
6,13,4969
6,14,2316
6,15,1388
6,16,5729
6,17,2426
6,18,4581
6,19,2183
6,20,2303
6,21,6329
6,22,3006
6,23,1851
6,24,6364
6,25,5382
6,26,6048
6,27,3953
6,28,3185
6,29,5706
6,30,5825
6,31,1583
6,32,1762
6,33,1982
6,34,2645
6,35,4703
6,36,4343
6,37,5158
6,38,3492
6,39,104
6,40,4491
6,41,5422
6,42,1220
6,43,885
6,44,4715
6,45,6069
6,46,4491
6,47,6389
6,48,1594
6,49,3300
6,50,4122
6,51,2545
6,52,4232
6,53,1290
6,54,3178
6,55,2198
6,56,1908
6,57,2023
6,58,5787
6,59,1988
6,60,2479
6,61,3788
6,62,79
6,63,4482
6,64,1925
6,65,4509
6,66,5235
6,67,4989
6,68,1916
6,69,3086
6,70,4369
6,71,1263
6,72,1330
6,73,4312
6,74,420
6,75,1502
6,76,3048
6,77,2184
6,78,1301
6,79,4082
6,80,2342
6,81,4362
6,82,1098
6,83,3561
6,84,3872
6,85,3666
6,86,2405
6,87,1928
6,88,2521
6,89,2732
6,90,5769
6,91,2763
6,92,2066
6,93,3659
6,94,2247
6,95,1074
6,96,5528
6,97,2432
6,98,2610
6,99,2263
6,100,5498
7,0,9952
7,1,2969
7,2,4024
7,3,2458
7,4,5691
7,5,1049
7,6,3396
7,8,3229
7,9,7217
7,10,7261
7,11,3679
7,12,5909
7,13,4964
7,14,5531
7,15,3253
7,16,7557
7,17,5595
7,18,5088
7,19,5519
7,20,2764
7,21,6557
7,22,2941
7,23,3112
7,24,6848
7,25,6940
7,26,7564
7,27,4951
7,28,676
7,29,7563
7,30,7518
7,31,4975
7,32,4962
7,33,1637
7,34,5014
7,35,3589
7,36,5255
7,37,4535
7,38,4048
7,39,3497
7,40,4759
7,41,6211
7,42,3073
7,43,3317
7,44,6812
7,45,7651
7,46,6473
7,47,8118
7,48,4313
7,49,210
7,50,3371
7,51,2117
7,52,4808
7,53,4514
7,54,3554
7,55,5534
7,56,4065
7,57,3651
7,58,6625
7,59,1568
7,60,2164
7,61,4207
7,62,3467
7,63,3781
7,64,2875
7,65,3331
7,66,5264
7,67,6516
7,68,1518
7,69,1755
7,70,6165
7,71,3185
7,72,3006
7,73,5561
7,74,2976
7,75,2609
7,76,1382
7,77,4843
7,78,3454
7,79,4728
7,80,5320
7,81,4328
7,82,2630
7,83,1965
7,84,5760
7,85,1226
7,86,3953
7,87,2178
7,88,2552
7,89,3239
7,90,7309
7,91,2779
7,92,5322
7,93,6257
7,94,5334
7,95,2791
7,96,7118
7,97,3933
7,98,5297
7,99,4201
7,100,7471
8,0,8135
8,1,3748
8,2,5863
8,3,2539
8,4,5421
8,5,2186
8,6,1717
8,7,3229
8,9,7701
8,10,7568
8,11,5455
8,12,4450
8,13,6375
8,14,3795
8,15,2937
8,16,7447
8,17,3935
8,18,6098
8,19,3508
8,20,798
8,21,7840
8,22,4213
8,23,3295
8,24,7930
8,25,7086
8,26,7754
8,27,5548
8,28,3369
8,29,7423
8,30,7539
8,31,2616
8,32,3308
8,33,2576
8,34,4362
8,35,5737
8,36,5937
8,37,6390
8,38,4955
8,39,1780
8,40,5945
8,41,7025
8,42,2711
8,43,849
8,44,6431
8,45,7779
8,46,6208
8,47,8105
8,48,3310
8,49,3239
8,50,5236
8,51,1394
8,52,5748
8,53,1869
8,54,4557
8,55,3520
8,56,3597
8,57,3614
8,58,7407
8,59,1711
8,60,1316
8,61,5237
8,62,1777
8,63,5644
8,64,3267
8,65,5505
8,66,6661
8,67,6686
8,68,2270
8,69,3798
8,70,6080
8,71,454
8,72,439
8,73,5964
8,74,1629
8,75,2740
8,76,3592
8,77,1678
8,78,520
8,79,5606
8,80,3966
8,81,5725
8,82,960
8,83,4272
8,84,5583
8,85,2884
8,86,4018
8,87,1055
8,88,1112
8,89,4091
8,90,7475
8,91,3952
8,92,2532
8,93,5338
8,94,3825
8,95,2409
8,96,7235
8,97,4036
8,98,4302
8,99,3939
8,100,7215
9,0,15824
9,1,4352
9,2,3763
9,3,5398
9,4,2475
9,5,7316
9,6,6025
9,7,7217
9,8,7701
9,10,413
9,11,3892
9,12,4454
9,13,2681
9,14,5047
9,15,4787
9,16,1380
9,17,4897
9,18,2206
9,19,5538
9,20,8101
9,21,1902
9,22,4276
9,23,4535
9,24,1419
9,25,887
9,26,723
9,27,2295
9,28,6553
9,29,1445
9,30,1079
9,31,6221
9,32,5091
9,33,5927
9,34,3550
9,35,4407
9,36,1963
9,37,3558
9,38,3171
9,39,5988
9,40,2596
9,41,1132
9,42,5026
9,43,6905
9,44,2069
9,45,880
9,46,1967
9,47,1372
9,48,4544
9,49,7008
9,50,4173
9,51,8016
9,52,2428
9,53,6746
9,54,3666
9,55,5541
9,56,4118
9,57,4113
9,58,818
9,59,6993
9,60,7983
9,61,3020
9,62,5982
9,63,3926
9,64,4666
9,65,4554
9,66,2499
9,67,1116
9,68,6273
9,69,5488
9,70,1821
9,71,7256
9,72,7274
9,73,1757
9,74,6075
9,75,5169
9,76,5849
9,77,7918
9,78,7325
9,79,2493
9,80,4465
9,81,3095
9,82,6841
9,83,5448
9,84,2274
9,85,8291
9,86,3705
9,87,7466
9,88,8206
9,89,4029
9,90,737
9,91,4450
9,92,7033
9,93,3334
9,94,4716
9,95,5369
9,96,884
9,97,3694
9,98,3893
9,99,3765
9,100,1702
10,0,15670
10,1,4347
10,2,3969
10,3,5336
10,4,2237
10,5,7300
10,6,5873
10,7,7261
10,8,7568
10,9,413
10,11,4061
10,12,4144
10,13,2915
10,14,4762
10,15,4685
10,16,969
10,17,4607
10,18,2361
10,19,5256
10,20,8002
10,21,2288
10,22,4327
10,23,4472
10,24,1819
10,25,547
10,26,372
10,27,2310
10,28,6605
10,29,1034
10,30,673
10,31,5974
10,32,4842
10,33,5910
10,34,3331
10,35,4611
10,36,2023
10,37,3810
10,38,3220
10,39,5830
10,40,2761
10,41,1384
10,42,4928
10,43,6757
10,44,1701
10,45,521
10,46,1641
10,47,1048
10,48,4353
10,49,7053
10,50,4330
10,51,7952
10,52,2536
10,53,6530
10,54,3709
10,55,5258
10,56,3972
10,57,4020
10,58,1150
10,59,6947
10,60,7916
10,61,3104
10,62,5826
10,63,4115
10,64,4622
10,65,4741
10,66,2763
10,67,887
10,68,6246
10,69,5555
10,70,1562
10,71,7119
10,72,7147
10,73,1715
10,74,5950
10,75,5108
10,76,5909
10,77,7704
10,78,7174
10,79,2577
10,80,4195
10,81,3262
10,82,6733
10,83,5550
10,84,2044
10,85,8302
10,86,3615
10,87,7388
10,88,8122
10,89,4038
10,90,324
10,91,4482
10,92,6779
10,93,3003
10,94,4444
10,95,5278
10,96,495
10,97,3609
10,98,3634
10,99,3630
10,100,1290
11,0,13308
11,1,1844
11,2,408
11,3,2961
11,4,3445
11,5,4146
11,6,4275
11,7,3679
11,8,5455
11,9,3892
11,10,4061
11,12,4921
11,13,1322
11,14,5022
11,15,2968
11,16,4666
11,17,4971
11,18,1700
11,19,5331
11,20,5502
11,21,2891
11,22,1273
11,23,2466
11,24,3227
11,25,3923
11,26,4419
11,27,2045
11,28,3011
11,29,4696
11,30,4517
11,31,5425
11,32,4641
11,33,2963
11,34,3538
11,35,662
11,36,2136
11,37,942
11,38,1333
11,39,4309
11,40,1300
11,41,2775
11,42,3073
11,43,4924
11,44,4330
11,45,4544
11,46,3959
11,47,5067
11,48,3708
11,49,3474
11,50,312
11,51,5140
11,52,1579
11,53,5499
11,54,1254
11,55,5343
11,56,3071
11,57,2573
11,58,3164
11,59,4090
11,60,5139
11,61,1192
11,62,4285
11,63,212
11,64,2351
11,65,699
11,66,1609
11,67,3559
11,68,3327
11,69,1969
11,70,3551
11,71,5114
11,72,5034
11,73,2629
11,74,4047
11,75,2801
11,76,2333
11,77,6453
11,78,5307
11,79,1601
11,80,4477
11,81,799
11,82,4498
11,83,1724
11,84,3381
11,85,4881
11,86,2434
11,87,4766
11,88,5472
11,89,1595
11,90,4216
11,91,1527
11,92,6163
11,93,4523
11,94,4658
11,95,3215
11,96,4096
11,97,2386
11,98,4060
11,99,2847
11,100,4729
12,0,12065
12,1,3502
12,2,5183
12,3,3456
12,4,2081
12,5,5347
12,6,2880
12,7,5909
12,8,4450
12,9,4454
12,10,4144
12,11,4921
12,13,4841
12,14,723
12,15,2694
12,16,3595
12,17,557
12,18,4147
12,19,1192
12,20,5142
12,21,5587
12,22,4020
12,23,3001
12,24,5382
12,25,3598
12,26,4156
12,27,3349
12,28,5481
12,29,3547
12,30,3805
12,31,2091
12,32,1143
12,33,4278
12,34,1395
12,35,5557
12,36,3620
12,37,5478
12,38,3621
12,39,2785
12,40,4318
12,41,4401
12,42,2844
12,43,3620
12,44,2524
12,45,4111
12,46,2503
12,47,4241
12,48,1601
12,49,5756
12,50,4955
12,51,5425
12,52,3898
12,53,2825
12,54,3699
12,55,1189
12,56,2022
12,57,2564
12,58,4615
12,59,4762
12,60,5359
12,61,3850
12,62,2802
12,63,5118
12,64,3254
12,65,5481
12,66,4981
12,67,3350
12,68,4414
12,69,4874
12,70,2651
12,71,4023
12,72,4142
12,73,3249
12,74,3210
12,75,3331
12,76,5040
12,77,3926
12,78,3944
12,79,3759
12,80,588
12,81,4515
12,82,3978
12,83,5218
12,84,2280
12,85,6448
12,86,2532
12,87,4806
12,88,5385
12,89,3523
12,90,3912
12,91,3921
12,92,2794
12,93,1172
12,94,634
12,95,3119
12,96,3674
12,97,2579
12,98,864
12,99,2117
12,100,3262
13,0,14393
13,1,2627
13,2,1101
13,3,3837
13,4,2970
13,5,5337
13,6,4969
13,7,4964
13,8,6375
13,9,2681
13,10,2915
13,11,1322
13,12,4841
13,14,5127
13,15,3582
13,16,3660
13,17,5036
13,18,753
13,19,5522
13,20,6539
13,21,1595
13,22,2228
13,23,3128
13,24,1905
13,25,2896
13,26,3286
13,27,1507
13,28,4290
13,29,3702
13,30,3459
13,31,5833
13,32,4872
13,33,4049
13,34,3471
13,35,1740
13,36,1342
13,37,905
13,38,1484
13,39,4979
13,40,531
13,41,1549
13,42,3757
13,43,5734
13,44,3582
13,45,3426
13,46,3237
13,47,3957
13,48,3998
13,49,4757
13,50,1632
13,51,6258
13,52,944
13,53,6072
13,54,1819
13,55,5532
13,56,3362
13,57,3002
13,58,1902
13,59,5193
13,60,6247
13,61,1186
13,62,4960
13,63,1296
13,64,3114
13,65,1913
13,66,304
13,67,2606
13,68,4422
13,69,3221
13,70,2827
13,71,5987
13,72,5939
13,73,1857
13,74,4833
13,75,3636
13,76,3594
13,77,7136
13,78,6144
13,79,1083
13,80,4522
13,81,670
13,82,5420
13,83,3033
13,84,2838
13,85,6146
13,86,2701
13,87,5820
13,88,6551
13,89,2284
13,90,3123
13,91,2478
13,92,6631
13,93,4149
13,94,4745
13,95,3995
13,96,3053
13,97,2659
13,98,4000
13,99,3038
13,100,3799
14,0,11342
14,1,3420
14,2,5324
14,3,3127
14,4,2600
14,5,4877
14,6,2316
14,7,5531
14,8,3795
14,9,5047
14,10,4762
14,11,5022
14,12,723
14,13,5127
14,15,2447
14,16,4274
14,17,167
14,18,4480
14,19,495
14,20,4514
14,21,6031
14,22,3988
14,23,2844
14,24,5873
14,25,4216
14,26,4803
14,27,3686
14,28,5166
14,29,4230
14,30,4469
14,31,1369
14,32,572
14,33,3932
14,34,1681
14,35,5626
14,36,4001
14,37,5676
14,38,3787
14,39,2215
14,40,4596
14,41,4879
14,42,2543
14,43,2984
14,44,3195
14,45,4768
14,46,3134
14,47,4928
14,48,1384
14,49,5396
14,50,5011
14,51,4846
14,52,4196
14,53,2111
14,54,3770
14,55,497
14,56,1968
14,57,2504
14,58,5130
14,59,4271
14,60,4777
14,61,4047
14,62,2237
14,63,5228
14,64,3081
14,65,5519
14,66,5300
14,67,3932
14,68,4015
14,69,4684
14,70,3227
14,71,3382
14,72,3514
14,73,3695
14,74,2686
14,75,3044
14,76,4801
14,77,3203
14,78,3281
14,79,4048
14,80,620
14,81,4721
14,82,3405
14,83,5073
14,84,2804
14,85,5961
14,86,2588
14,87,4236
14,88,4772
14,89,3513
14,90,4550
14,91,3846
14,92,2083
14,93,1860
14,94,382
14,95,2758
14,96,4306
14,97,2636
14,98,1196
14,99,2178
14,100,3952
15,0,11072
15,1,1136
15,2,3345
15,3,809
15,4,2675
15,5,2860
15,6,1388
15,7,3253
15,8,2937
15,9,4787
15,10,4685
15,11,2968
15,12,2694
15,13,3582
15,14,2447
15,16,4694
15,17,2469
15,18,3202
15,19,2597
15,20,3317
15,21,4951
15,22,1738
15,23,503
15,24,5008
15,25,4235
15,26,4904
15,27,2612
15,28,2790
15,29,4682
15,30,4739
15,31,2486
15,32,1926
15,33,1617
15,34,1802
15,35,3464
15,36,3002
15,37,3813
15,38,2104
15,39,1397
15,40,3103
15,41,4089
15,42,244
15,43,2198
15,44,3779
15,45,4948
15,46,3490
15,47,5328
15,48,1098
15,49,3087
15,50,2857
15,51,3302
15,52,2852
15,53,2538
15,54,1807
15,55,2611
15,56,848
15,57,678
15,58,4470
15,59,2373
15,60,3258
15,61,2400
15,62,1377
15,63,3179
15,64,676
15,65,3302
15,66,3846
15,67,3820
15,68,1823
15,69,2239
15,70,3279
15,71,2506
15,72,2503
15,73,3037
15,74,1313
15,75,645
15,76,2361
15,77,3557
15,78,2619
15,79,2703
15,80,2112
15,81,2984
15,82,2054
15,83,2642
15,84,2801
15,85,3959
15,86,1085
15,87,2715
15,88,3441
15,89,1382
15,90,4627
15,91,1530
15,92,3198
15,93,3026
15,94,2174
15,95,604
15,96,4396
15,97,1101
15,98,2045
15,99,1096
15,100,4522
16,0,15453
16,1,4589
16,2,4642
16,3,5425
16,4,2035
16,5,7463
16,6,5729
16,7,7557
16,8,7447
16,9,1380
16,10,969
16,11,4666
16,12,3595
16,13,3660
16,14,4274
16,15,4694
16,17,4110
16,18,3004
16,19,4767
16,20,7961
16,21,3241
16,22,4693
16,23,4580
16,24,2784
16,25,764
16,26,722
16,27,2707
16,28,6928
16,29,67
16,30,308
16,31,5576
16,32,4459
16,33,6090
16,34,3089
16,35,5267
16,36,2532
16,37,4564
16,38,3624
16,39,5671
16,40,3401
16,41,2223
16,42,4938
16,43,6610
16,44,1081
16,45,603
16,46,1239
16,47,667
16,48,4145
16,49,7355
16,50,4903
16,51,7996
16,52,3088
16,53,6207
16,54,4078
16,55,4766
16,56,3896
16,57,4074
16,58,2077
16,59,7044
16,60,7951
16,61,3581
16,62,5672
16,63,4754
16,64,4770
16,65,5363
16,66,3559
16,67,1109
16,68,6397
16,69,5926
16,70,1421
16,71,6992
16,72,7046
16,73,2077
16,74,5872
16,75,5204
16,76,6257
16,77,7373
16,78,7012
16,79,3085
16,80,3769
16,81,3886
16,82,6684
16,83,5995
16,84,1894
16,85,8515
16,86,3694
16,87,7403
16,88,8116
16,89,4325
16,90,648
16,91,4804
16,92,6347
16,93,2423
16,94,4003
16,95,5298
16,96,615
16,97,3701
16,98,3260
16,99,3599
16,100,373
17,0,11508
17,1,3406
17,2,5264
17,3,3174
17,4,2459
17,5,4965
17,6,2426
17,7,5595
17,8,3935
17,9,4897
17,10,4607
17,11,4971
17,12,557
17,13,5036
17,14,167
17,15,2469
17,16,4110
17,18,4379
17,19,657
17,20,4646
17,21,5909
17,22,3964
17,23,2846
17,24,5741
17,25,4061
17,26,4644
17,27,3582
17,28,5214
17,29,4065
17,30,4307
17,31,1534
17,32,665
17,33,3985
17,34,1574
17,35,5583
17,36,3888
17,37,5604
17,38,3719
17,39,2326
17,40,4505
17,41,4749
17,42,2580
17,43,3117
17,44,3032
17,45,4608
17,46,2976
17,47,4764
17,48,1385
17,49,5455
17,50,4970
17,51,4964
17,52,4101
17,53,2272
17,54,3722
17,55,657
17,56,1938
17,57,2480
17,58,4994
17,59,4363
17,60,4896
17,61,3973
17,62,2347
17,63,5175
17,64,3088
17,65,5483
17,66,5203
17,67,3783
17,68,4082
17,69,4700
17,70,3078
17,71,3517
17,72,3645
17,73,3569
17,74,2785
17,75,3080
17,76,4829
17,77,3369
17,78,3423
17,79,3954
17,80,514
17,81,4646
17,82,3520
17,83,5079
17,84,2663
17,85,6054
17,86,2538
17,87,4351
17,88,4900
17,89,3482
17,90,4392
17,91,3832
17,92,2250
17,93,1694
17,94,315
17,95,2812
17,96,4149
17,97,2586
17,98,1071
17,99,2124
17,100,3787
18,0,14197
18,1,2417
18,2,1638
18,3,3600
18,4,2225
18,5,5314
18,6,4581
18,7,5088
18,8,6098
18,9,2206
18,10,2361
18,11,1700
18,12,4147
18,13,753
18,14,4480
18,15,3202
18,16,3004
18,17,4379
18,19,4899
18,20,6349
18,21,1749
18,22,2179
18,23,2803
18,24,1856
18,25,2247
18,26,2719
18,27,799
18,28,4414
18,29,3040
18,30,2834
18,31,5287
18,32,4273
18,33,3958
18,34,2805
18,35,2268
18,36,588
18,37,1610
18,38,1160
18,39,4577
18,40,402
18,41,1128
18,42,3405
18,43,5396
18,44,2841
18,45,2846
18,46,2491
18,47,3372
18,48,3444
18,49,4878
18,50,1971
18,51,6144
18,52,350
18,53,5598
18,54,1625
18,55,4908
18,56,2834
18,57,2562
18,58,1540
18,59,5085
18,60,6124
18,61,913
18,62,4561
18,63,1762
18,64,2848
18,65,2383
18,66,836
18,67,1916
18,68,4325
18,69,3337
18,70,2078
18,71,5685
18,72,5659
18,73,1106
18,74,4502
18,75,3381
18,76,3707
18,77,6704
18,78,5816
18,79,499
18,80,3866
18,81,901
18,82,5163
18,83,3255
18,84,2087
18,85,6216
18,86,2207
18,87,5654
18,88,6398
18,89,2066
18,90,2522
18,91,2393
18,92,6101
18,93,3407
18,94,4099
18,95,3689
18,96,2416
18,97,2172
18,98,3324
18,99,2485
18,100,3109
19,0,10894
19,1,3648
19,2,5652
19,3,3193
19,4,3083
19,5,4790
19,6,2183
19,7,5519
19,8,3508
19,9,5538
19,10,5256
19,11,5331
19,12,1192
19,13,5522
19,14,495
19,15,2597
19,16,4767
19,17,657
19,18,4899
19,20,4259
19,21,6483
19,22,4235
19,23,3041
19,24,6340
19,25,4710
19,26,5299
19,27,4111
19,28,5208
19,29,4722
19,30,4964
19,31,952
19,32,694
19,33,3966
19,34,2123
19,35,5914
19,36,4439
19,37,6029
19,38,4142
19,39,2079
19,40,4991
19,41,5344
19,42,2650
19,43,2735
19,44,3689
19,45,5263
19,46,3629
19,47,5420
19,48,1627
19,49,5399
19,50,5297
19,51,4648
19,52,4603
19,53,1729
19,54,4078
19,55,15
19,56,2260
19,57,2771
19,58,5605
19,59,4170
19,60,4576
19,61,4413
19,62,2105
19,63,5540
19,64,3261
19,65,5791
19,66,5709
19,67,4423
19,68,4004
19,69,4823
19,70,3717
19,71,3120
19,72,3268
19,73,4155
19,74,2585
19,75,3144
19,76,4904
19,77,2764
19,78,2988
19,79,4452
19,80,1085
19,81,5084
19,82,3231
19,83,5238
19,84,3287
19,85,5849
19,86,2912
19,87,4053
19,88,4534
19,89,3781
19,90,5045
19,91,4071
19,92,1603
19,93,2349
19,94,833
19,95,2809
19,96,4801
19,97,2960
19,98,1667
19,99,2518
19,100,4443
20,0,7857
20,1,3940
20,2,5907
20,3,2752
20,4,5926
20,5,1728
20,6,2303
20,7,2764
20,8,798
20,9,8101
20,10,8002
20,11,5502
20,12,5142
20,13,6539
20,14,4514
20,15,3317
20,16,7961
20,17,4646
20,18,6349
20,19,4259
20,21,8064
20,22,4321
20,23,3589
20,24,8203
20,25,7545
20,26,8214
20,27,5876
20,28,3048
20,29,7943
20,30,8030
20,31,3391
20,32,4001
20,33,2540
20,34,4909
20,35,5696
20,36,6258
20,37,6444
20,38,5190
20,39,2385
20,40,6151
20,41,7343
20,42,3076
20,43,1531
20,44,6979
20,45,8252
20,46,6731
20,47,8610
20,48,3879
20,49,2820
20,50,5252
20,51,695
20,52,6006
20,53,2660
20,54,4751
20,55,4271
20,56,4068
20,57,3988
20,58,7739
20,59,1455
20,60,628
20,61,5456
20,62,2374
20,63,5675
20,64,3506
20,65,5450
20,66,6836
20,67,7133
20,68,2182
20,69,3684
20,70,6565
20,71,1139
20,72,1001
20,73,6346
20,74,2091
20,75,2976
20,76,3416
20,77,2408
20,78,1298
20,79,5873
20,80,4630
20,81,5874
20,82,1277
20,83,4127
20,84,6074
20,85,2197
20,86,4396
20,87,738
20,88,322
20,89,4292
20,90,7936
20,91,4065
20,92,3329
20,93,5961
20,94,4510
20,95,2732
20,96,7702
20,97,4407
20,98,4911
20,99,4385
20,100,7753
21,0,15919
21,1,4124
21,2,2596
21,3,5325
21,4,3516
21,5,6923
21,6,6329
21,7,6557
21,8,7840
21,9,1902
21,10,2288
21,11,2891
21,12,5587
21,13,1595
21,14,6031
21,15,4951
21,16,3241
21,17,5909
21,18,1749
21,19,6483
21,20,8064
21,22,3792
21,23,4547
21,24,524
21,25,2572
21,26,2625
21,27,2430
21,28,5883
21,29,3301
21,30,2957
21,31,6962
21,32,5901
21,33,5612
21,34,4360
21,35,3181
21,36,2064
21,37,2184
21,38,2886
21,39,6323
21,40,1913
21,41,1213
21,42,5154
21,43,7145
21,44,3642
21,45,2782
21,46,3396
21,47,3263
21,48,5130
21,49,6350
21,50,3202
21,51,7819
21,52,2099
21,53,7319
21,54,3313
21,55,6490
21,56,4546
21,57,4307
21,58,1176
21,59,6754
21,60,7804
21,61,2610
21,62,6307
21,63,2825
21,64,4579
21,65,3398
21,66,1293
21,67,2513
21,68,5984
21,69,4816
21,70,3068
21,71,7431
21,72,7401
21,73,2342
21,74,6250
21,75,5111
21,76,5188
21,77,8439
21,78,7564
21,79,2248
21,80,5411
21,81,2253
21,82,6899
21,83,4614
21,84,3326
21,85,7741
21,86,3942
21,87,7356
21,88,8095
21,89,3772
21,90,2596
21,91,4033
21,92,7783
21,93,4641
21,94,5658
21,95,5433
21,96,2659
21,97,3909
21,98,4838
21,99,4188
21,100,3515
22,0,12169
22,1,603
22,2,1674
22,3,1694
22,4,3016
22,5,3144
22,6,3006
22,7,2941
22,8,4213
22,9,4276
22,10,4327
22,11,1273
22,12,4020
22,13,2228
22,14,3988
22,15,1738
22,16,4693
22,17,3964
22,18,2179
22,19,4235
22,20,4321
22,21,3792
22,23,1238
22,24,4005
22,25,4034
22,26,4640
22,27,2023
22,28,2279
22,29,4706
22,30,4624
22,31,4222
22,32,3542
22,33,1823
22,34,2727
22,35,1726
22,36,2314
22,37,2186
22,38,1108
22,39,3043
22,40,1896
22,41,3287
22,42,1817
22,43,3654
22,44,4080
22,45,4735
22,46,3717
22,47,5218
22,48,2616
22,49,2732
22,50,1124
22,51,4032
22,52,1878
22,53,4244
22,54,620
22,55,4248
22,56,2027
22,57,1484
22,58,3702
22,59,2966
22,60,4020
22,61,1275
22,62,3018
22,63,1478
22,64,1090
22,65,1569
22,66,2528
22,67,3617
22,68,2195
22,69,1235
22,70,3359
22,71,3856
22,72,3785
22,73,2646
22,74,2774
22,75,1528
22,76,1582
22,77,5181
22,78,4042
22,79,1789
22,80,3506
22,81,1558
22,82,3253
22,83,1346
22,84,3029
22,85,4041
22,86,1506
22,87,3596
22,88,4325
22,89,502
22,90,4392
22,91,260
22,92,4932
22,93,3889
22,94,3649
22,95,1943
22,96,4214
22,97,1462
22,98,3195
22,99,1909
22,100,4654
23,0,11409
23,1,636
23,2,2845
23,3,865
23,4,2616
23,5,2884
23,6,1851
23,7,3112
23,8,3295
23,9,4535
23,10,4472
23,11,2466
23,12,3001
23,13,3128
23,14,2844
23,15,503
23,16,4580
23,17,2846
23,18,2803
23,19,3041
23,20,3589
23,21,4547
23,22,1238
23,24,4639
23,25,4058
23,26,4719
23,27,2287
23,28,2576
23,29,4576
23,30,4593
23,31,2984
23,32,2355
23,33,1530
23,34,1915
23,35,2964
23,36,2669
23,37,3319
23,38,1669
23,39,1871
23,40,2667
23,41,3755
23,42,631
23,43,2610
23,44,3740
23,45,4778
23,46,3422
23,47,5191
23,48,1461
23,49,2928
23,50,2355
23,51,3483
23,52,2453
23,53,3036
23,54,1327
23,55,3054
23,56,1000
23,57,539
23,58,4150
23,59,2480
23,60,3449
23,61,1959
23,62,1849
23,63,2677
23,64,255
23,65,2806
23,66,3401
23,67,3633
23,68,1818
23,69,1873
23,70,3160
23,71,2884
23,72,2857
23,73,2778
23,74,1709
23,75,636
23,76,2055
23,77,4033
23,78,3024
23,79,2311
23,80,2439
23,81,2511
23,82,2368
23,83,2233
23,84,2711
23,85,3951
23,86,886
23,87,2933
23,88,3675
23,89,887
23,90,4446
23,91,1041
23,92,3701
23,93,3160
23,94,2538
23,95,886
23,96,4226
23,97,880
23,98,2264
23,99,1089
23,100,4445
24,0,16045
24,1,4274
24,2,2972
24,3,5451
24,4,3301
24,5,7148
24,6,6364
24,7,6848
24,8,7930
24,9,1419
24,10,1819
24,11,3227
24,12,5382
24,13,1905
24,14,5873
24,15,5008
24,16,2784
24,17,5741
24,18,1856
24,19,6340
24,20,8203
24,21,524
24,22,4005
24,23,4639
24,25,2160
24,26,2139
24,27,2413
24,28,6172
24,29,2847
24,30,2491
24,31,6880
24,32,5791
24,33,5807
24,34,4229
24,35,3583
24,36,2025
24,37,2608
24,38,3016
24,39,6349
24,40,2110
24,41,996
24,42,5223
24,43,7204
24,44,3285
24,45,2296
24,46,3074
24,47,2761
24,48,5073
24,49,6639
24,50,3537
24,51,7999
24,52,2197
24,53,7287
24,54,3477
24,55,6345
24,56,4523
24,57,4344
24,58,796
24,59,6938
24,60,7979
24,61,2764
24,62,6336
24,63,3187
24,64,4698
24,65,3785
24,66,1623
24,67,2166
24,68,6175
24,69,5096
24,70,2784
24,71,7510
24,72,7493
24,73,2189
24,74,6319
24,75,5230
24,76,5469
24,77,8429
24,78,7626
24,79,2331
24,80,5257
24,81,2521
24,82,7005
24,83,4933
24,84,3102
24,85,8012
24,86,3959
24,87,7510
24,88,8254
24,89,3922
24,90,2136
24,91,4232
24,92,7704
24,93,4374
24,94,5508
24,95,5523
24,96,2226
24,97,3931
24,98,4677
24,99,4159
24,100,3080
25,0,15170
25,1,3990
25,2,3885
25,3,4918
25,4,1710
25,5,6918
25,6,5382
25,7,6940
25,8,7086
25,9,887
25,10,547
25,11,3923
25,12,3598
25,13,2896
25,14,4216
25,15,4235
25,16,764
25,17,4061
25,18,2247
25,19,4710
25,20,7545
25,21,2572
25,22,4034
25,23,4058
25,24,2160
25,26,669
25,27,2017
25,28,6297
25,29,808
25,30,599
25,31,5436
25,32,4304
25,33,5531
25,34,2807
25,35,4514
25,36,1801
25,37,3800
25,38,2942
25,39,5335
25,40,2647
25,41,1482
25,42,4479
25,43,6267
25,44,1184
25,45,721
25,46,1096
25,47,1184
25,48,3842
25,49,6734
25,50,4169
25,51,7524
25,52,2351
25,53,6002
25,54,3414
25,55,4712
25,56,3491
25,57,3582
25,58,1396
25,59,6537
25,60,7484
25,61,2871
25,62,5332
25,63,4003
25,64,4225
25,65,4617
25,66,2797
25,67,427
25,68,5856
25,69,5269
25,70,1032
25,71,6635
25,72,6671
25,73,1389
25,74,5477
25,75,4692
25,76,5612
25,77,7177
25,78,6681
25,79,2361
25,80,3652
25,81,3136
25,82,6271
25,83,5307
25,84,1524
25,85,7943
25,86,3184
25,87,6948
25,88,7677
25,89,3701
25,90,391
25,91,4166
25,92,6238
25,93,2460
25,94,3900
25,95,4835
25,96,180
25,97,3183
25,98,3094
25,99,3161
25,100,957
26,0,15830
26,1,4630
26,2,4335
26,3,5581
26,4,2361
26,5,7571
26,6,6048
26,7,7564
26,8,7754
26,9,723
26,10,372
26,11,4419
26,12,4156
26,13,3286
26,14,4803
26,15,4904
26,16,722
26,17,4644
26,18,2719
26,19,5299
26,20,8214
26,21,2625
26,22,4640
26,23,4719
26,24,2139
26,25,669
26,27,2617
26,28,6914
26,29,789
26,30,417
26,31,6056
26,32,4926
26,33,6182
26,34,3457
26,35,4975
26,36,2353
26,37,4182
26,38,3537
26,39,5999
26,40,3121
26,41,1756
26,42,5148
26,43,6933
26,44,1648
26,45,157
26,46,1672
26,47,676
26,48,4499
26,49,7357
26,50,4683
26,51,8190
26,52,2880
26,53,6643
26,54,4021
26,55,5300
26,56,4160
26,57,4249
26,58,1511
26,59,7199
26,60,8151
26,61,3436
26,62,5996
26,63,4477
26,64,4881
26,65,5101
26,66,3136
26,67,1087
26,68,6511
26,69,5873
26,70,1685
26,71,7302
26,72,7339
26,73,2004
26,74,6146
26,75,5354
26,76,6222
26,77,7816
26,78,7345
26,79,2912
26,80,4259
26,81,3621
26,82,6941
26,83,5883
26,84,2181
26,85,8587
26,86,3849
26,87,7616
26,88,8345
26,89,4331
26,90,279
26,91,4786
26,92,6850
26,93,2993
26,94,4503
26,95,5503
26,96,522
26,97,3847
26,98,3715
26,99,3830
26,100,1085
27,0,13680
27,1,2057
27,2,2131
27,3,3137
27,4,1487
27,5,5021
27,6,3953
27,7,4951
27,8,5548
27,9,2295
27,10,2310
27,11,2045
27,12,3349
27,13,1507
27,14,3686
27,15,2612
27,16,2707
27,17,3582
27,18,799
27,19,4111
27,20,5876
27,21,2430
27,22,2023
27,23,2287
27,24,2413
27,25,2017
27,26,2617
27,28,4297
27,29,2727
27,30,2612
27,31,4536
27,32,3497
27,33,3632
27,34,2007
27,35,2692
27,36,390
27,37,2260
27,38,925
27,39,3937
27,40,1008
27,41,1477
27,42,2837
27,43,4801
27,44,2285
27,45,2712
27,46,1915
27,47,3201
27,48,2700
27,49,4743
27,50,2241
27,51,5746
27,52,575
27,53,4892
27,54,1403
27,55,4119
27,56,2120
27,57,1940
27,58,1864
27,59,4710
27,60,5716
27,61,885
27,62,3924
27,63,2176
27,64,2392
27,65,2739
27,66,1632
27,67,1608
27,68,3981
27,69,3257
27,70,1507
27,71,5118
27,72,5112
27,73,632
27,74,3925
27,75,2909
27,76,3605
27,77,6023
27,78,5224
27,79,474
27,80,3070
27,81,1354
27,82,4643
27,83,3292
27,84,1381
27,85,6001
27,86,1548
27,87,5214
27,88,5958
27,89,1735
27,90,2369
27,91,2172
27,92,5355
27,93,2654
27,94,3305
27,95,3156
27,96,2197
27,97,1522
27,98,2525
27,99,1759
27,100,2719
28,0,10505
28,1,2355
28,2,3364
28,3,2040
28,4,5102
28,5,1355
28,6,3185
28,7,676
28,8,3369
28,9,6553
28,10,6605
28,11,3011
28,12,5481
28,13,4290
28,14,5166
28,15,2790
28,16,6928
28,17,5214
28,18,4414
28,19,5208
28,20,3048
28,21,5883
28,22,2279
28,23,2576
28,24,6172
28,25,6297
28,26,6914
28,27,4297
28,29,6936
28,30,6879
28,31,4763
28,32,4607
28,33,1242
28,34,4491
28,35,2955
28,36,4593
28,37,3881
28,38,3387
28,39,3278
28,40,4084
28,41,5539
28,42,2641
28,43,3284
28,44,6216
28,45,7004
28,46,5870
28,47,7477
28,48,3880
28,49,467
28,50,2705
28,51,2477
28,52,4138
28,53,4396
28,54,2896
28,55,5223
28,56,3560
28,57,3106
28,58,5953
28,59,1659
28,60,2506
28,61,3538
28,62,3247
28,63,3120
28,64,2327
28,65,2696
28,66,4590
28,67,5875
28,68,1279
28,69,1079
28,70,5549
28,71,3234
28,72,3072
28,73,4913
28,74,2772
28,75,2149
28,76,708
28,77,4884
28,78,3498
28,79,4061
28,80,4895
28,81,3652
28,82,2615
28,83,1311
28,84,5158
28,85,1873
28,86,3378
28,87,2369
28,88,2891
28,89,2603
28,90,6661
28,91,2130
28,92,5203
28,93,5736
28,94,4935
28,95,2409
28,96,6475
28,97,3353
28,98,4815
28,99,3658
28,100,6856
29,0,15421
29,1,4594
29,2,4678
29,3,5418
29,4,2018
29,5,7459
29,6,5706
29,7,7563
29,8,7423
29,9,1445
29,10,1034
29,11,4696
29,12,3547
29,13,3702
29,14,4230
29,15,4682
29,16,67
29,17,4065
29,18,3040
29,19,4722
29,20,7943
29,21,3301
29,22,4706
29,23,4576
29,24,2847
29,25,808
29,26,789
29,27,2727
29,28,6936
29,30,375
29,31,5536
29,32,4421
29,33,6088
29,34,3063
29,35,5301
29,36,2561
29,37,4606
29,38,3642
29,39,5646
29,40,3436
29,41,2275
29,42,4926
29,43,6585
29,44,1040
29,45,669
29,46,1215
29,47,703
29,48,4120
29,49,7361
29,50,4931
29,51,7983
29,52,3118
29,53,6171
29,54,4093
29,55,4721
29,56,3880
29,57,4067
29,58,2135
29,59,7036
29,60,7938
29,61,3604
29,62,5648
29,63,4786
29,64,4768
29,65,5394
29,66,3605
29,67,1137
29,68,6393
29,69,5938
29,70,1416
29,71,6969
29,72,7025
29,73,2099
29,74,5853
29,75,5198
29,76,6267
29,77,7336
29,78,6986
29,79,3112
29,80,3730
29,81,3919
29,82,6666
29,83,6012
29,84,1881
29,85,8514
29,86,3689
29,87,7389
29,88,8100
29,89,4333
29,90,712
29,91,4814
29,92,6305
29,93,2376
29,94,3962
29,95,5286
29,96,666
29,97,3697
29,98,3225
29,99,3586
29,100,310
30,0,15581
30,1,4559
30,2,4470
30,3,5448
30,4,2120
30,5,7467
30,6,5825
30,7,7518
30,8,7539
30,9,1079
30,10,673
30,11,4517
30,12,3805
30,13,3459
30,14,4469
30,15,4739
30,16,308
30,17,4307
30,18,2834
30,19,4964
30,20,8030
30,21,2957
30,22,4624
30,23,4593
30,24,2491
30,25,599
30,26,417
30,27,2612
30,28,6879
30,29,375
30,31,5748
30,32,4624
30,33,6085
30,34,3202
30,35,5102
30,36,2400
30,37,4364
30,38,3536
30,39,5771
30,40,3235
30,41,1982
30,42,4983
30,43,6709
30,44,1282
30,45,316
30,46,1367
30,47,601
30,48,4255
30,49,7314
30,50,4766
30,51,8038
30,52,2948
30,53,6359
30,54,4005
30,55,4964
30,56,3963
30,57,4101
30,58,1804
30,59,7068
30,60,7996
30,61,3469
30,62,5771
30,63,4594
30,64,4771
30,65,5210
30,66,3340
30,67,1007
30,68,6402
30,69,5859
30,70,1465
30,71,7086
30,72,7132
30,73,1982
30,74,5948
30,75,5223
30,76,6198
30,77,7529
30,78,7116
30,79,2959
30,80,3944
30,81,3728
30,82,6753
30,83,5904
30,84,1958
30,85,8504
30,86,3711
30,87,7453
30,88,8174
30,89,4279
30,90,363
30,91,4750
30,92,6531
30,93,2635
30,94,4183
30,95,5342
30,96,422
30,97,3714
30,98,3416
30,99,3649
30,100,668
31,0,9974
31,1,3619
31,2,5784
31,3,2869
31,4,3746
31,5,4139
31,6,1583
31,7,4975
31,8,2616
31,9,6221
31,10,5974
31,11,5425
31,12,2091
31,13,5833
31,14,1369
31,15,2486
31,16,5576
31,17,1534
31,18,5287
31,19,952
31,20,3391
31,21,6962
31,22,4222
31,23,2984
31,24,6880
31,25,5436
31,26,6056
31,27,4536
31,28,4763
31,29,5536
31,30,5748
31,32,1132
31,33,3544
31,34,2683
31,35,5947
31,36,4898
31,37,6216
31,38,4375
31,39,1486
31,40,5311
31,41,5888
31,42,2449
31,43,1906
31,44,4496
31,45,6037
31,46,4388
31,47,6238
31,48,1844
31,49,4882
31,50,5336
31,51,3843
31,52,4963
31,53,782
31,54,4204
31,55,961
31,56,2471
31,57,2878
31,58,6189
31,59,3513
31,60,3767
31,61,4666
31,62,1517
31,63,5637
31,64,3155
31,65,5788
31,66,6054
31,67,5110
31,68,3499
31,69,4568
31,70,4414
31,71,2263
31,72,2428
31,73,4698
31,74,2002
31,75,2889
31,76,4578
31,77,1835
31,78,2098
31,79,4808
31,80,1807
31,81,5316
31,82,2491
31,83,5023
31,84,3946
31,85,5144
31,86,3133
31,87,3278
31,88,3682
31,89,3830
31,90,5792
31,91,4016
31,92,824
31,93,3197
31,94,1576
31,95,2486
31,96,5545
31,97,3177
31,98,2343
31,99,2805
31,100,5271
32,0,11033
32,1,2957
32,2,4966
32,3,2572
32,4,2616
32,5,4307
32,6,1762
32,7,4962
32,8,3308
32,9,5091
32,10,4842
32,11,4641
32,12,1143
32,13,4872
32,14,572
32,15,1926
32,16,4459
32,17,665
32,18,4273
32,19,694
32,20,4001
32,21,5901
32,22,3542
32,23,2355
32,24,5791
32,25,4304
32,26,4926
32,27,3497
32,28,4607
32,29,4421
32,30,4624
32,31,1132
32,33,3370
32,34,1568
32,35,5221
32,36,3842
32,37,5351
32,38,3468
32,39,1663
32,40,4342
32,41,4795
32,42,2001
32,43,2478
32,44,3383
32,45,4909
32,46,3260
32,47,5124
32,48,934
32,49,4829
32,50,4603
32,51,4303
32,52,3965
32,53,1761
32,54,3388
32,55,706
32,56,1572
32,57,2077
32,58,5082
32,59,3702
32,60,4235
32,61,3744
32,62,1683
32,63,4850
32,64,2581
32,65,5097
32,66,5070
32,67,3979
32,68,3445
32,69,4162
32,70,3282
32,71,2880
32,72,3000
32,73,3602
32,74,2121
32,75,2501
32,76,4262
32,77,2916
32,78,2804
32,79,3812
32,80,704
32,81,4413
32,82,2858
32,83,4567
32,84,2817
32,85,5393
32,86,2229
32,87,3689
32,88,4248
32,89,3087
32,90,4661
32,91,3381
32,92,1943
32,93,2122
32,94,520
32,95,2198
32,96,4414
32,97,2277
32,98,1212
32,99,1845
32,100,4164
33,0,10360
33,1,1576
33,2,3367
33,3,822
33,4,4145
33,5,1391
33,6,1982
33,7,1637
33,8,2576
33,9,5927
33,10,5910
33,11,2963
33,12,4278
33,13,4049
33,14,3932
33,15,1617
33,16,6090
33,17,3985
33,18,3958
33,19,3966
33,20,2540
33,21,5612
33,22,1823
33,23,1530
33,24,5807
33,25,5531
33,26,6182
33,27,3632
33,28,1242
33,29,6088
33,30,6085
33,31,3544
33,32,3370
33,34,3395
33,35,3176
33,36,3984
33,37,3904
33,38,2814
33,39,2070
33,40,3707
33,41,5029
33,42,1437
33,43,2249
33,44,5270
33,45,6251
33,46,4948
33,47,6686
33,48,2679
33,49,1479
33,50,2712
33,51,2209
33,52,3633
33,53,3239
33,54,2333
33,55,3981
33,56,2440
33,57,2065
33,58,5440
33,59,1144
33,60,2199
33,61,3045
33,62,2039
33,63,3135
33,64,1321
33,65,2937
33,66,4350
33,67,5104
33,68,373
33,69,1231
33,70,4674
33,71,2312
33,72,2190
33,73,4195
33,74,1586
33,75,976
33,76,1093
33,77,3879
33,78,2550
33,79,3519
33,80,3690
33,81,3379
33,82,1662
33,83,1714
33,84,4236
33,85,2426
33,86,2408
33,87,1804
33,88,2515
33,89,1913
33,90,5914
33,91,1580
33,92,4037
33,93,4633
33,94,3714
33,95,1174
33,96,5704
33,97,2396
33,98,3662
33,99,2606
33,100,5967
34,0,12380
34,1,2279
34,2,3790
34,3,2607
34,4,1098
34,5,4660
34,6,2645
34,7,5014
34,8,4362
34,9,3550
34,10,3331
34,11,3538
34,12,1395
34,13,3471
34,14,1681
34,15,1802
34,16,3089
34,17,1574
34,18,2805
34,19,2123
34,20,4909
34,21,4360
34,22,2727
34,23,1915
34,24,4229
34,25,2807
34,26,3457
34,27,2007
34,28,4491
34,29,3063
34,30,3202
34,31,2683
34,32,1568
34,33,3395
34,35,4181
34,36,2320
34,37,4084
34,38,2228
34,39,2583
34,40,2943
34,41,3232
34,42,2024
34,43,3522
34,44,2073
34,45,3462
34,46,1850
34,47,3752
34,48,1056
34,49,4836
34,50,3589
34,51,5014
34,52,2532
34,53,3200
34,54,2338
34,55,2130
34,56,957
34,57,1392
34,58,3514
34,59,4152
34,60,4961
34,61,2455
34,62,2585
34,63,3731
34,64,2165
34,65,4120
34,66,3631
34,67,2451
34,68,3624
34,69,3724
34,70,1776
34,71,3908
34,72,3969
34,73,2040
34,74,2819
34,75,2422
34,76,3950
34,77,4374
34,78,3923
34,79,2388
34,80,1063
34,81,3121
34,82,3639
34,83,4006
34,84,1287
34,85,5761
34,86,1224
34,87,4402
34,88,5087
34,89,2226
34,90,3183
34,91,2671
34,92,3503
34,93,1245
34,94,1302
34,95,2374
34,96,2936
34,97,1266
34,98,534
34,99,851
34,100,2853
35,0,13413
35,1,2328
35,2,644
35,3,3330
35,4,4106
35,5,4209
35,6,4703
35,7,3589
35,8,5737
35,9,4407
35,10,4611
35,11,662
35,12,5557
35,13,1740
35,14,5626
35,15,3464
35,16,5267
35,17,5583
35,18,2268
35,19,5914
35,20,5696
35,21,3181
35,22,1726
35,23,2964
35,24,3583
35,25,4514
35,26,4975
35,27,2692
35,28,2955
35,29,5301
35,30,5102
35,31,5947
35,32,5221
35,33,3176
35,34,4181
35,36,2753
35,37,1006
35,38,1992
35,39,4748
35,40,1867
35,41,3276
35,42,3538
35,43,5280
35,44,4976
35,45,5107
35,46,4607
35,47,5635
35,48,4287
35,49,3397
35,50,618
35,51,5266
35,52,2198
35,53,5960
35,54,1863
35,55,5927
35,56,3662
35,57,3144
35,58,3641
35,59,4250
35,60,5274
35,61,1852
35,62,4721
35,63,519
35,64,2811
35,65,259
35,66,1979
35,67,4167
35,68,3519
35,69,2028
35,70,4197
35,71,5430
35,72,5331
35,73,3259
35,74,4434
35,75,3202
35,76,2349
35,77,6856
35,78,5642
35,79,2237
35,80,5096
35,81,1383
35,82,4794
35,83,1650
35,84,4040
35,85,4814
35,86,3046
35,87,4958
35,88,5629
35,89,2137
35,90,4787
35,91,1949
35,92,6658
35,93,5183
35,94,5268
35,95,3629
35,96,4684
35,97,2998
35,98,4698
35,99,3463
35,100,5348
36,0,14068
36,1,2408
36,2,2149
36,3,3514
36,4,1648
36,5,5368
36,6,4343
36,7,5255
36,8,5937
36,9,1963
36,10,2023
36,11,2136
36,12,3620
36,13,1342
36,14,4001
36,15,3002
36,16,2532
36,17,3888
36,18,588
36,19,4439
36,20,6258
36,21,2064
36,22,2314
36,23,2669
36,24,2025
36,25,1801
36,26,2353
36,27,390
36,28,4593
36,29,2561
36,30,2400
36,31,4898
36,32,3842
36,33,3984
36,34,2320
36,35,2753
36,37,2183
36,38,1208
36,39,4326
36,40,925
36,41,1089
36,42,3225
36,43,5192
36,44,2269
36,45,2462
36,46,1913
36,47,2971
36,48,3069
36,49,5046
36,50,2371
36,51,6116
36,52,558
36,53,5271
36,54,1703
36,55,4446
36,56,2501
36,57,2330
36,58,1481
36,59,5075
36,60,6088
36,61,1082
36,62,4313
36,63,2236
36,64,2765
36,65,2835
36,66,1401
36,67,1424
36,68,4338
36,69,3536
36,70,1499
36,71,5508
36,72,5501
36,73,526
36,74,4315
36,75,3287
36,76,3893
36,77,6406
36,78,5614
36,79,561
36,80,3382
36,81,1372
36,82,5030
36,83,3530
36,84,1502
36,85,6330
36,86,1938
36,87,5591
36,88,6335
36,89,2074
36,90,2123
36,91,2486
36,92,5719
36,93,2831
36,94,3623
36,95,3542
36,96,1978
36,97,1912
36,98,2821
36,99,2138
36,100,2595
37,0,14243
37,1,2723
37,2,538
37,3,3880
37,4,3747
37,5,5066
37,6,5158
37,7,4535
37,8,6390
37,9,3558
37,10,3810
37,11,942
37,12,5478
37,13,905
37,14,5676
37,15,3813
37,16,4564
37,17,5604
37,18,1610
37,19,6029
37,20,6444
37,21,2184
37,22,2186
37,23,3319
37,24,2608
37,25,3800
37,26,4182
37,27,2260
37,28,3881
37,29,4606
37,30,4364
37,31,6216
37,32,5351
37,33,3904
37,34,4084
37,35,1006
37,36,2183
37,38,1889
37,39,5185
37,40,1266
37,41,2433
37,42,3943
37,43,5839
37,44,4449
37,45,4324
37,46,4095
37,47,4855
37,48,4434
37,49,4336
37,50,1207
37,51,6076
37,52,1689
37,53,6351
37,54,2017
37,55,6040
37,56,3787
37,57,3338
37,58,2758
37,59,5028
37,60,6076
37,61,1633
37,62,5162
37,63,778
37,64,3235
37,65,1241
37,66,1061
37,67,3505
37,68,4268
37,69,2876
37,70,3681
37,71,6041
37,72,5966
37,73,2708
37,74,4953
37,75,3710
37,76,3229
37,77,7342
37,78,6228
37,79,1790
37,80,5095
37,81,964
37,82,5431
37,83,2571
37,84,3636
37,85,5753
37,86,3122
37,87,5708
37,88,6411
37,89,2432
37,90,4025
37,91,2445
37,92,6981
37,93,4904
37,94,5300
37,95,4114
37,96,3958
37,97,3075
37,98,4618
37,99,3511
37,100,4699
38,0,13040
38,1,1259
38,2,1562
38,3,2443
38,4,2143
38,5,4186
38,6,3492
38,7,4048
38,8,4955
38,9,3171
38,10,3220
38,11,1333
38,12,3621
38,13,1484
38,14,3787
38,15,2104
38,16,3624
38,17,3719
38,18,1160
38,19,4142
38,20,5190
38,21,2886
38,22,1108
38,23,1669
38,24,3016
38,25,2942
38,26,3537
38,27,925
38,28,3387
38,29,3642
38,30,3536
38,31,4375
38,32,3468
38,33,2814
38,34,2228
38,35,1992
38,36,1208
38,37,1889
38,39,3499
38,40,1000
38,41,2216
38,42,2289
38,43,4277
38,44,3111
38,45,3635
38,46,2740
38,47,4126
38,48,2561
38,49,3839
38,50,1446
38,51,4988
38,52,822
38,53,4589
38,54,496
38,55,4152
38,56,1915
38,57,1520
38,58,2629
38,59,3932
38,60,4967
38,61,298
38,62,3480
38,63,1514
38,64,1693
38,65,1976
38,66,1742
38,67,2531
38,68,3177
38,69,2336
38,70,2353
38,71,4550
38,72,4516
38,73,1555
38,74,3377
38,75,2226
38,76,2689
38,77,5653
38,78,4693
38,79,705
38,80,3212
38,81,946
38,82,4013
38,83,2370
38,84,2104
38,85,5128
38,86,1247
38,87,4495
38,88,5238
38,89,908
38,90,3292
38,91,1282
38,92,5163
38,93,3192
38,94,3413
38,95,2551
38,96,3122
38,97,1202
38,98,2757
38,99,1624
38,100,3616
39,0,9840
39,1,2467
39,2,4700
39,3,1472
39,4,3652
39,5,2714
39,6,104
39,7,3497
39,8,1780
39,9,5988
39,10,5830
39,11,4309
39,12,2785
39,13,4979
39,14,2215
39,15,1397
39,16,5671
39,17,2326
39,18,4577
39,19,2079
39,20,2385
39,21,6323
39,22,3043
39,23,1871
39,24,6349
39,25,5335
39,26,5999
39,27,3937
39,28,3278
39,29,5646
39,30,5771
39,31,1486
39,32,1663
39,33,2070
39,34,2583
39,35,4748
39,36,4326
39,37,5185
39,38,3499
39,40,4496
39,41,5401
39,42,1243
39,43,939
39,44,4650
39,45,6018
39,46,4432
39,47,6332
39,48,1529
39,49,3399
39,50,4163
39,51,2641
39,52,4229
39,53,1226
39,54,3196
39,55,2094
39,56,1872
39,57,2015
39,58,5763
39,59,2092
39,60,2574
39,61,3796
39,62,31
39,63,4518
39,64,1958
39,65,4558
39,66,5241
39,67,4944
39,68,2012
39,69,3159
39,70,4318
39,71,1327
39,72,1404
39,73,4283
39,74,521
39,75,1554
39,76,3129
39,77,2162
39,78,1346
39,79,4077
39,80,2251
39,81,4378
39,82,1195
39,83,3632
39,84,3821
39,85,3771
39,86,2390
39,87,2025
39,88,2609
39,89,2756
39,90,5721
39,91,2804
39,92,1990
39,93,3579
39,94,2151
39,95,1125
39,96,5478
39,97,2419
39,98,2533
39,99,2231
39,100,5435
40,0,14007
40,1,2213
40,2,1241
40,3,3418
40,4,2492
40,5,5039
40,6,4491
40,7,4759
40,8,5945
40,9,2596
40,10,2761
40,11,1300
40,12,4318
40,13,531
40,14,4596
40,15,3103
40,16,3401
40,17,4505
40,18,402
40,19,4991
40,20,6151
40,21,1913
40,22,1896
40,23,2667
40,24,2110
40,25,2647
40,26,3121
40,27,1008
40,28,4084
40,29,3436
40,30,3235
40,31,5311
40,32,4342
40,33,3707
40,34,2943
40,35,1867
40,36,925
40,37,1266
40,38,1000
40,39,4496
40,41,1494
40,42,3289
40,43,5277
40,44,3193
40,45,3248
40,46,2835
40,47,3774
40,48,3473
40,49,4549
40,50,1578
40,51,5910
40,52,433
40,53,5567
40,54,1401
40,55,5001
40,56,2840
40,57,2500
40,58,1897
40,59,4846
40,60,5893
40,61,709
40,62,4478
40,63,1360
40,64,2678
40,65,1981
40,66,750
40,67,2307
40,68,4078
40,69,3005
40,70,2421
40,71,5545
40,72,5507
40,73,1450
40,74,4376
40,75,3208
40,76,3377
40,77,6645
40,78,5691
40,79,559
40,80,3991
40,81,501
40,82,4997
40,83,2892
40,84,2374
40,85,5908
40,86,2184
40,87,5443
40,88,6182
40,89,1862
40,90,2924
40,91,2128
40,92,6112
40,93,3661
40,94,4214
40,95,3546
40,96,2817
40,97,2144
40,98,3474
40,99,2512
40,100,3497
41,0,15156
41,1,3461
41,2,2632
41,3,4595
41,4,2321
41,5,6401
41,6,5422
41,7,6211
41,8,7025
41,9,1132
41,10,1384
41,11,2775
41,12,4401
41,13,1549
41,14,4879
41,15,4089
41,16,2223
41,17,4749
41,18,1128
41,19,5344
41,20,7343
41,21,1213
41,22,3287
41,23,3755
41,24,996
41,25,1482
41,26,1756
41,27,1477
41,28,5539
41,29,2275
41,30,1982
41,31,5888
41,32,4795
41,33,5029
41,34,3232
41,35,3276
41,36,1089
41,37,2433
41,38,2216
41,39,5401
41,40,1494
41,42,4314
41,43,6276
41,44,2456
41,45,1903
41,46,2191
41,47,2431
41,48,4089
41,49,6001
41,50,3065
41,51,7186
41,52,1409
41,53,6308
41,54,2706
41,55,5350
41,56,3555
41,57,3416
41,58,415
41,59,6137
41,60,7160
41,61,2012
41,62,5390
41,63,2800
41,64,3843
41,65,3428
41,66,1380
41,67,1333
41,68,5389
41,69,4463
41,70,1856
41,71,6596
41,72,6589
41,73,1193
41,74,5402
41,75,4369
41,76,4831
41,77,7457
41,78,6699
41,79,1511
41,80,4263
41,81,1985
41,82,6118
41,83,4380
41,84,2127
41,85,7328
41,86,3020
41,87,6670
41,88,7414
41,89,3117
41,90,1626
41,91,3488
41,92,6712
41,93,3430
41,94,4513
41,95,4630
41,96,1609
41,97,2996
41,98,3683
41,99,3190
41,100,2437
42,0,10843
42,1,1229
42,2,3460
42,3,615
42,4,2916
42,5,2636
42,6,1220
42,7,3073
42,8,2711
42,9,5026
42,10,4928
42,11,3073
42,12,2844
42,13,3757
42,14,2543
42,15,244
42,16,4938
42,17,2580
42,18,3405
42,19,2650
42,20,3076
42,21,5154
42,22,1817
42,23,631
42,24,5223
42,25,4479
42,26,5148
42,27,2837
42,28,2641
42,29,4926
42,30,4983
42,31,2449
42,32,2001
42,33,1437
42,34,2024
42,35,3538
42,36,3225
42,37,3943
42,38,2289
42,39,1243
42,40,3289
42,41,4314
42,43,1992
42,44,4018
42,45,5192
42,46,3732
42,47,5573
42,48,1243
42,49,2915
42,50,2941
42,51,3058
42,52,3055
42,53,2428
42,54,1958
42,55,2664
42,56,1078
42,57,914
42,58,4698
42,59,2137
42,60,3014
42,61,2582
42,62,1220
42,63,3283
42,64,727
42,65,3362
42,66,4027
42,67,4063
42,68,1614
42,69,2175
42,70,3523
42,71,2286
42,72,2275
42,73,3274
42,74,1097
42,75,501
42,76,2261
42,77,3403
42,78,2411
42,79,2909
42,80,2257
42,81,3143
42,82,1817
42,83,2603
42,84,3044
42,85,3739
42,86,1321
42,87,2471
42,88,3197
42,89,1513
42,90,4870
42,91,1589
42,92,3123
42,93,3237
42,94,2296
42,95,361
42,96,4640
42,97,1335
42,98,2237
42,99,1339
42,100,4763
43,0,8918
43,1,3132
43,2,5327
43,3,1964
43,4,4589
43,5,2359
43,6,885
43,7,3317
43,8,849
43,9,6905
43,10,6757
43,11,4924
43,12,3620
43,13,5734
43,14,2984
43,15,2198
43,16,6610
43,17,3117
43,18,5396
43,19,2735
43,20,1531
43,21,7145
43,22,3654
43,23,2610
43,24,7204
43,25,6267
43,26,6933
43,27,4801
43,28,3284
43,29,6585
43,30,6709
43,31,1906
43,32,2478
43,33,2249
43,34,3522
43,35,5280
43,36,5192
43,37,5839
43,38,4277
43,39,939
43,40,5277
43,41,6276
43,42,1992
43,44,5587
43,45,6954
43,46,5371
43,47,7270
43,48,2467
43,49,3273
43,50,4735
43,51,1937
43,52,5046
43,53,1257
43,54,3919
43,55,2748
43,56,2789
43,57,2862
43,58,6648
43,59,1758
43,60,1861
43,61,4568
43,62,938
43,63,5123
43,64,2628
43,65,5065
43,66,6010
43,67,5873
43,68,2037
43,69,3468
43,70,5254
43,71,404
43,72,533
43,73,5184
43,74,901
43,75,2129
43,76,3337
43,77,1630
43,78,423
43,79,4899
43,80,3124
43,81,5103
43,82,687
43,83,3953
43,84,4757
43,85,3282
43,86,3256
43,87,1383
43,88,1799
43,89,3458
43,90,6654
43,91,3398
43,92,2038
43,93,4490
43,94,2991
43,95,1741
43,96,6413
43,97,3280
43,98,3453
43,99,3140
43,100,6373
44,0,14392
44,1,3862
44,2,4400
44,3,4550
44,4,1125
44,5,6612
44,6,4715
44,7,6812
44,8,6431
44,9,2069
44,10,1701
44,11,4330
44,12,2524
44,13,3582
44,14,3195
44,15,3779
44,16,1081
44,17,3032
44,18,2841
44,19,3689
44,20,6979
44,21,3642
44,22,4080
44,23,3740
44,24,3285
44,25,1184
44,26,1648
44,27,2285
44,28,6216
44,29,1040
44,30,1282
44,31,4496
44,32,3383
44,33,5270
44,34,2073
44,35,4976
44,36,2269
44,37,4449
44,38,3111
44,39,4650
44,40,3193
44,41,2456
44,42,4018
44,43,5587
44,45,1591
44,46,372
44,47,1742
44,48,3121
44,49,6617
44,50,4517
44,51,7060
44,52,2799
44,53,5135
44,54,3498
44,55,3688
44,56,2948
44,57,3210
44,58,2493
44,59,6151
44,60,7011
44,61,3154
44,62,4654
44,63,4459
44,64,3956
44,65,5022
44,66,3570
44,67,1129
44,68,5550
44,69,5278
44,70,780
44,71,5977
44,72,6041
44,73,1743
44,74,4888
44,75,4338
44,76,5580
44,77,6298
44,78,5982
44,79,2742
44,80,2690
44,81,3618
44,82,5707
44,83,5422
44,84,1059
44,85,7690
44,86,2866
44,87,6455
44,88,7151
44,89,3649
44,90,1426
44,91,4142
44,92,5267
44,93,1353
44,94,2922
44,95,4379
44,96,1207
44,97,2883
44,98,2192
44,99,2691
44,100,789
45,0,15841
45,1,4707
45,2,4468
45,3,5638
45,4,2370
45,5,7639
45,6,6069
45,7,7651
45,8,7779
45,9,880
45,10,521
45,11,4544
45,12,4111
45,13,3426
45,14,4768
45,15,4948
45,16,603
45,17,4608
45,18,2846
45,19,5263
45,20,8252
45,21,2782
45,22,4735
45,23,4778
45,24,2296
45,25,721
45,26,157
45,27,2712
45,28,7004
45,29,669
45,30,316
45,31,6037
45,32,4909
45,33,6251
45,34,3462
45,35,5107
45,36,2462
45,37,4324
45,38,3635
45,39,6018
45,40,3248
45,41,1903
45,42,5192
45,43,6954
45,44,1591
45,46,1649
45,47,531
45,48,4510
45,49,7445
45,50,4804
45,51,8241
45,52,2995
45,53,6636
45,54,4115
45,55,5264
45,56,4191
45,57,4299
45,58,1667
45,59,7257
45,60,8200
45,61,3543
45,62,6016
45,63,4606
45,64,4946
45,65,5229
45,66,3281
45,67,1147
45,68,6577
45,69,5969
45,70,1700
45,71,7327
45,72,7367
45,73,2091
45,74,6178
45,75,5412
45,76,6315
45,77,7808
45,78,7364
45,79,3023
45,80,4235
45,81,3747
45,82,6977
45,83,5989
45,84,2197
45,85,8662
45,86,3902
45,87,7662
45,88,8388
45,89,4414
45,90,343
45,91,4874
45,92,6824
45,93,2942
45,94,4476
45,95,5549
45,96,552
45,97,3902
45,98,3698
45,99,3867
45,100,974
46,0,14221
46,1,3515
46,2,4034
46,3,4245
46,4,816
46,5,6302
46,6,4491
46,7,6473
46,8,6208
46,9,1967
46,10,1641
46,11,3959
46,12,2503
46,13,3237
46,14,3134
46,15,3490
46,16,1239
46,17,2976
46,18,2491
46,19,3629
46,20,6731
46,21,3396
46,22,3717
46,23,3422
46,24,3074
46,25,1096
46,26,1672
46,27,1915
46,28,5870
46,29,1215
46,30,1367
46,31,4388
46,32,3260
46,33,4948
46,34,1850
46,35,4607
46,36,1913
46,37,4095
46,38,2740
46,39,4432
46,40,2835
46,41,2191
46,42,3732
46,43,5371
46,44,372
46,45,1649
46,47,1902
46,48,2907
46,49,6276
46,50,4145
46,51,6785
46,52,2435
46,53,4992
46,54,3130
46,55,3630
46,56,2674
46,57,2898
46,58,2278
46,59,5856
46,60,6738
46,61,2782
46,62,4433
46,63,4090
46,64,3630
46,65,4651
46,66,3239
46,67,913
46,68,5237
46,69,4921
46,70,415
46,71,5754
46,72,5810
46,73,1387
46,74,4640
46,75,4030
46,76,5228
46,77,6163
46,78,5773
46,79,2374
46,80,2587
46,81,3252
46,82,5455
46,83,5057
46,84,714
46,85,7373
46,86,2540
46,87,6186
46,88,6892
46,89,3293
46,90,1416
46,91,3785
46,92,5178
46,93,1367
46,94,2831
46,95,4093
46,96,1173
46,97,2554
46,98,2050
46,99,2395
46,100,1031
47,0,16119
47,1,5160
47,2,4997
47,3,6044
47,4,2687
47,5,8067
47,6,6389
47,7,8118
47,8,8105
47,9,1372
47,10,1048
47,11,5067
47,12,4241
47,13,3957
47,14,4928
47,15,5328
47,16,667
47,17,4764
47,18,3372
47,19,5420
47,20,8610
47,21,3263
47,22,5218
47,23,5191
47,24,2761
47,25,1184
47,26,676
47,27,3201
47,28,7477
47,29,703
47,30,601
47,31,6238
47,32,5124
47,33,6686
47,34,3752
47,35,5635
47,36,2971
47,37,4855
47,38,4126
47,39,6332
47,40,3774
47,41,2431
47,42,5573
47,43,7270
47,44,1742
47,45,531
47,46,1902
47,48,4808
47,49,7913
47,50,5325
47,51,8630
47,52,3511
47,53,6873
47,54,4598
47,55,5419
47,56,4542
47,57,4696
47,58,2179
47,59,7665
47,60,8586
47,61,4048
47,62,6332
47,63,5133
47,64,5371
47,65,5755
47,66,3811
47,67,1603
47,68,7002
47,69,6453
47,70,2050
47,71,7652
47,72,7703
47,73,2573
47,74,6524
47,75,5821
47,76,6795
47,77,8039
47,78,7674
47,79,3532
47,80,4432
47,81,4272
47,82,7333
47,83,6489
47,84,2536
47,85,9106
47,86,4308
47,87,8042
47,88,8759
47,89,4879
47,90,852
47,91,5347
47,92,7006
47,93,3071
47,94,4664
47,95,5932
47,96,1004
47,97,4311
47,98,3927
47,99,4236
47,100,979
48,0,11331
48,1,2039
48,2,4038
48,3,1856
48,4,2140
48,5,3805
48,6,1594
48,7,4313
48,8,3310
48,9,4544
48,10,4353
48,11,3708
48,12,1601
48,13,3998
48,14,1384
48,15,1098
48,16,4145
48,17,1385
48,18,3444
48,19,1627
48,20,3879
48,21,5130
48,22,2616
48,23,1461
48,24,5073
48,25,3842
48,26,4499
48,27,2700
48,28,3880
48,29,4120
48,30,4255
48,31,1844
48,32,934
48,33,2679
48,34,1056
48,35,4287
48,36,3069
48,37,4434
48,38,2561
48,39,1529
48,40,3473
48,41,4089
48,42,1243
48,43,2467
48,44,3121
48,45,4510
48,46,2907
48,47,4808
48,49,4157
48,50,3669
48,51,4033
48,52,3120
48,53,2223
48,54,2457
48,55,1640
48,56,648
48,57,1144
48,58,4415
48,59,3249
48,60,3975
48,61,2845
48,62,1532
48,63,3918
48,64,1703
48,65,4165
48,66,4214
48,67,3467
48,68,2831
48,69,3316
48,70,2815
48,71,2856
48,72,2923
48,73,2914
48,74,1804
48,75,1731
48,76,3457
48,77,3385
48,78,2866
48,79,2964
48,80,1016
48,81,3507
48,82,2623
48,83,3694
48,84,2319
48,85,4913
48,86,1315
48,87,3413
48,88,4073
48,89,2154
48,90,4223
48,91,2465
48,92,2657
48,93,2109
48,94,1082
48,95,1533
48,96,3978
48,97,1361
48,98,1060
48,99,962
48,100,3906
49,0,10110
49,1,2768
49,2,3823
49,3,2301
49,4,5497
49,5,1092
49,6,3300
49,7,210
49,8,3239
49,9,7008
49,10,7053
49,11,3474
49,12,5756
49,13,4757
49,14,5396
49,15,3087
49,16,7355
49,17,5455
49,18,4878
49,19,5399
49,20,2820
49,21,6350
49,22,2732
49,23,2928
49,24,6639
49,25,6734
49,26,7357
49,27,4743
49,28,467
49,29,7361
49,30,7314
49,31,4882
49,32,4829
49,33,1479
49,34,4836
49,35,3397
49,36,5046
49,37,4336
49,38,3839
49,39,3399
49,40,4549
49,41,6001
49,42,2915
49,43,3273
49,44,6617
49,45,7445
49,46,6276
49,47,7913
49,48,4157
49,50,3168
49,51,2196
49,52,4598
49,53,4448
49,54,3345
49,55,5414
49,56,3891
49,57,3466
49,58,6415
49,59,1547
49,60,2237
49,61,3997
49,62,3368
49,63,3579
49,64,2689
49,65,3139
49,66,5057
49,67,6311
49,68,1397
49,69,1545
49,70,5965
49,71,3166
49,72,2991
49,73,5354
49,74,2880
49,75,2443
49,76,1173
49,77,4827
49,78,3434
49,79,4518
49,80,5168
49,81,4119
49,82,2587
49,83,1765
49,84,5563
49,85,1417
49,86,3762
49,87,2198
49,88,2626
49,89,3034
49,90,7102
49,91,2572
49,92,5257
49,93,6080
49,94,5189
49,95,2645
49,96,6913
49,97,3740
49,98,5130
49,99,4017
49,100,7272
50,0,13038
50,1,1721
50,2,671
50,3,2774
50,4,3587
50,5,3861
50,6,4122
50,7,3371
50,8,5236
50,9,4173
50,10,4330
50,11,312
50,12,4955
50,13,1632
50,14,5011
50,15,2857
50,16,4903
50,17,4970
50,18,1971
50,19,5297
50,20,5252
50,21,3202
50,22,1124
50,23,2355
50,24,3537
50,25,4169
50,26,4683
50,27,2241
50,28,2705
50,29,4931
50,30,4766
50,31,5336
50,32,4603
50,33,2712
50,34,3589
50,35,618
50,36,2371
50,37,1207
50,38,1446
50,39,4163
50,40,1578
50,41,3065
50,42,2941
50,43,4735
50,44,4517
50,45,4804
50,46,4145
50,47,5325
50,48,3669
50,49,3168
50,51,4871
50,52,1818
50,53,5368
50,54,1257
50,55,5309
50,56,3046
50,57,2526
50,58,3458
50,59,3827
50,60,4872
50,61,1363
50,62,4137
50,63,429
50,64,2214
50,65,534
50,66,1920
50,67,3794
50,68,3072
50,69,1675
50,70,3743
50,71,4907
50,72,4820
50,73,2846
50,74,3872
50,75,2630
50,76,2034
50,77,6289
50,78,5109
50,79,1821
50,80,4486
50,81,1080
50,82,4282
50,83,1414
50,84,3539
50,85,4577
50,86,2436
50,87,4515
50,88,5211
50,89,1520
50,90,4473
50,91,1360
50,92,6054
50,93,4628
50,94,4655
50,95,3053
50,96,4344
50,97,2388
50,98,4100
50,99,2853
50,100,4950
51,0,8167
51,1,3730
51,2,5538
51,3,2619
51,4,5970
51,5,1123
51,6,2545
51,7,2117
51,8,1394
51,9,8016
51,10,7952
51,11,5140
51,12,5425
51,13,6258
51,14,4846
51,15,3302
51,16,7996
51,17,4964
51,18,6144
51,19,4648
51,20,695
51,21,7819
51,22,4032
51,23,3483
51,24,7999
51,25,7524
51,26,8190
51,27,5746
51,28,2477
51,29,7983
51,30,8038
51,31,3843
51,32,4303
51,33,2209
51,34,5014
51,35,5266
51,36,6116
51,37,6076
51,38,4988
51,39,2641
51,40,5910
51,41,7186
51,42,3058
51,43,1937
51,44,7060
51,45,8241
51,46,6785
51,47,8630
51,48,4033
51,49,2196
51,50,4871
51,52,5810
51,53,3163
51,54,4522
51,55,4662
51,56,4113
51,57,3942
51,58,7591
51,59,1065
51,60,79
51,61,5235
51,62,2623
51,63,5299
51,64,3354
51,65,5013
51,66,6560
51,67,7103
51,68,1837
51,69,3238
51,70,6581
51,71,1603
51,72,1424
51,73,6261
51,74,2238
51,75,2848
51,76,2933
51,77,3062
51,78,1825
51,79,5688
51,80,4879
51,81,5589
51,82,1447
51,83,3649
51,84,6102
51,85,1508
51,86,4341
51,87,621
51,88,436
51,89,4080
51,90,7914
51,91,3786
51,92,3889
51,93,6141
51,94,4791
51,95,2698
51,96,7688
51,97,4345
51,98,5090
51,99,4397
51,100,7816
52,0,13851
52,1,2080
52,2,1602
52,3,3255
52,4,2061
52,5,4998
52,6,4232
52,7,4808
52,8,5748
52,9,2428
52,10,2536
52,11,1579
52,12,3898
52,13,944
52,14,4196
52,15,2852
52,16,3088
52,17,4101
52,18,350
52,19,4603
52,20,6006
52,21,2099
52,22,1878
52,23,2453
52,24,2197
52,25,2351
52,26,2880
52,27,575
52,28,4138
52,29,3118
52,30,2948
52,31,4963
52,32,3965
52,33,3633
52,34,2532
52,35,2198
52,36,558
52,37,1689
52,38,822
52,39,4229
52,40,433
52,41,1409
52,42,3055
52,43,5046
52,44,2799
52,45,2995
52,46,2435
52,47,3511
52,48,3120
52,49,4598
52,50,1818
52,51,5810
52,53,5258
52,54,1301
52,55,4612
52,56,2501
52,57,2215
52,58,1824
52,59,4754
52,60,5788
52,61,603
52,62,4213
52,63,1680
52,64,2502
52,65,2277
52,66,1106
52,67,1981
52,68,3997
52,69,3067
52,70,2021
52,71,5336
52,72,5310
52,73,1064
52,74,4151
52,75,3035
52,76,3432
52,77,6360
52,78,5465
52,79,156
52,80,3587
52,81,821
52,82,4815
52,83,3021
52,84,1947
52,85,5918
52,86,1865
52,87,5314
52,88,6058
52,89,1730
52,90,2660
52,91,2080
52,92,5773
52,93,3229
52,94,3815
52,95,3340
52,96,2527
52,97,1829
52,98,3059
52,99,2158
52,100,3152
53,0,9272
53,1,3655
53,2,5881
53,3,2696
53,4,4294
53,5,3598
53,6,1290
53,7,4514
53,8,1869
53,9,6746
53,10,6530
53,11,5499
53,12,2825
53,13,6072
53,14,2111
53,15,2538
53,16,6207
53,17,2272
53,18,5598
53,19,1729
53,20,2660
53,21,7319
53,22,4244
53,23,3036
53,24,7287
53,25,6002
53,26,6643
53,27,4892
53,28,4396
53,29,6171
53,30,6359
53,31,782
53,32,1761
53,33,3239
53,34,3200
53,35,5960
53,36,5271
53,37,6351
53,38,4589
53,39,1226
53,40,5567
53,41,6308
53,42,2428
53,43,1257
53,44,5135
53,45,6636
53,46,4992
53,47,6873
53,48,2223
53,49,4448
53,50,5368
53,51,3163
53,52,5258
53,54,4340
53,55,1738
53,56,2773
53,57,3070
53,58,6637
53,59,2983
53,60,3085
53,61,4886
53,62,1255
53,63,5709
53,64,3154
53,65,5776
53,66,6317
53,67,5651
53,68,3117
53,69,4374
53,70,4971
53,71,1561
53,72,1740
53,73,5137
53,74,1655
53,75,2777
53,76,4321
53,77,1174
53,78,1362
53,79,5103
53,80,2465
53,81,5503
53,82,1915
53,83,4850
53,84,4486
53,85,4539
53,86,3393
53,87,2636
53,88,2962
53,89,3920
53,90,6372
53,91,4012
53,92,809
53,93,3881
53,94,2260
53,95,2349
53,96,6124
53,97,3431
53,98,2947
53,99,3133
53,100,5920
54,0,12607
54,1,813
54,2,1584
54,3,2023
54,4,2465
54,5,3697
54,6,3178
54,7,3554
54,8,4557
54,9,3666
54,10,3709
54,11,1254
54,12,3699
54,13,1819
54,14,3770
54,15,1807
54,16,4078
54,17,3722
54,18,1625
54,19,4078
54,20,4751
54,21,3313
54,22,620
54,23,1327
54,24,3477
54,25,3414
54,26,4021
54,27,1403
54,28,2896
54,29,4093
54,30,4005
54,31,4204
54,32,3388
54,33,2333
54,34,2338
54,35,1863
54,36,1703
54,37,2017
54,38,496
54,39,3196
54,40,1401
54,41,2706
54,42,1958
54,43,3919
54,44,3498
54,45,4115
54,46,3130
54,47,4598
54,48,2457
54,49,3345
54,50,1257
54,51,4522
54,52,1301
54,53,4340
54,55,4090
54,56,1818
54,57,1331
54,58,3120
54,59,3461
54,60,4503
54,61,713
54,62,3175
54,63,1462
54,64,1295
54,65,1784
54,66,2104
54,67,2998
54,68,2700
54,69,1855
54,70,2761
54,71,4168
54,72,4120
54,73,2026
54,74,3018
54,75,1817
54,76,2201
54,77,5359
54,78,4326
54,79,1196
54,80,3234
54,81,1186
54,82,3605
54,83,1930
54,84,2458
54,85,4632
54,86,1185
54,87,4044
54,88,4785
54,89,466
54,90,3772
54,91,786
54,92,4965
54,93,3421
54,94,3409
54,95,2178
54,96,3594
54,97,1136
54,98,2844
54,99,1600
54,100,4049
55,0,10899
55,1,3662
55,2,5664
55,3,3207
55,4,3087
55,5,4804
55,6,2198
55,7,5534
55,8,3520
55,9,5541
55,10,5258
55,11,5343
55,12,1189
55,13,5532
55,14,497
55,15,2611
55,16,4766
55,17,657
55,18,4908
55,19,15
55,20,4271
55,21,6490
55,22,4248
55,23,3054
55,24,6345
55,25,4712
55,26,5300
55,27,4119
55,28,5223
55,29,4721
55,30,4964
55,31,961
55,32,706
55,33,3981
55,34,2130
55,35,5927
55,36,4446
55,37,6040
55,38,4152
55,39,2094
55,40,5001
55,41,5350
55,42,2664
55,43,2748
55,44,3688
55,45,5264
55,46,3630
55,47,5419
55,48,1640
55,49,5414
55,50,5309
55,51,4662
55,52,4612
55,53,1738
55,54,4090
55,56,2272
55,57,2783
55,58,5610
55,59,4185
55,60,4589
55,61,4423
55,62,2120
55,63,5552
55,64,3275
55,65,5803
55,66,5718
55,67,4426
55,68,4018
55,69,4838
55,70,3720
55,71,3133
55,72,3281
55,73,4161
55,74,2600
55,75,3159
55,76,4919
55,77,2770
55,78,3000
55,79,4461
55,80,1090
55,81,5095
55,82,3245
55,83,5252
55,84,3291
55,85,5863
55,86,2923
55,87,4067
55,88,4547
55,89,3793
55,90,5046
55,91,4084
55,92,1607
55,93,2348
55,94,838
55,95,2824
55,96,4803
55,97,2971
55,98,1671
55,99,2529
55,100,4442
56,0,11706
56,1,1484
56,2,3394
56,3,1651
56,4,1862
56,5,3708
56,6,1908
56,7,4065
56,8,3597
56,9,4118
56,10,3972
56,11,3071
56,12,2022
56,13,3362
56,14,1968
56,15,848
56,16,3896
56,17,1938
56,18,2834
56,19,2260
56,20,4068
56,21,4546
56,22,2027
56,23,1000
56,24,4523
56,25,3491
56,26,4160
56,27,2120
56,28,3560
56,29,3880
56,30,3963
56,31,2471
56,32,1572
56,33,2440
56,34,957
56,35,3662
56,36,2501
56,37,3787
56,38,1915
56,39,1872
56,40,2840
56,41,3555
56,42,1078
56,43,2789
56,44,2948
56,45,4191
56,46,2674
56,47,4542
56,48,648
56,49,3891
56,50,3046
56,51,4113
56,52,2501
56,53,2773
56,54,1818
56,55,2272
56,57,546
56,58,3904
56,59,3214
56,60,4065
56,61,2201
56,62,1865
56,63,3280
56,64,1255
56,65,3551
56,66,3585
56,67,3090
56,68,2667
56,69,2863
56,70,2498
56,71,3147
56,72,3179
56,73,2415
56,74,1987
56,75,1466
56,76,3055
56,77,3905
56,78,3208
56,79,2345
56,80,1484
56,81,2861
56,82,2791
56,83,3196
56,84,2007
56,85,4806
56,86,668
56,87,3512
56,88,4220
56,89,1546
56,90,3881
56,91,1906
56,92,3274
56,93,2193
56,94,1623
56,95,1435
56,96,3643
56,97,713
56,98,1264
56,99,365
56,100,3704
57,0,11749
57,1,939
57,2,2916
57,3,1351
57,4,2087
57,5,3404
57,6,2023
57,7,3651
57,8,3614
57,9,4113
57,10,4020
57,11,2573
57,12,2564
57,13,3002
57,14,2504
57,15,678
57,16,4074
57,17,2480
57,18,2562
57,19,2771
57,20,3988
57,21,4307
57,22,1484
57,23,539
57,24,4344
57,25,3582
57,26,4249
57,27,1940
57,28,3106
57,29,4067
57,30,4101
57,31,2878
57,32,2077
57,33,2065
57,34,1392
57,35,3144
57,36,2330
57,37,3338
57,38,1520
57,39,2015
57,40,2500
57,41,3416
57,42,914
57,43,2862
57,44,3210
57,45,4299
57,46,2898
57,47,4696
57,48,1144
57,49,3466
57,50,2526
57,51,3942
57,52,2215
57,53,3070
57,54,1331
57,55,2783
57,56,546
57,58,3794
57,59,2971
57,60,3902
57,61,1817
57,62,2000
57,63,2784
57,64,779
57,65,3022
57,66,3250
57,67,3163
57,68,2341
57,69,2344
57,70,2653
57,71,3180
57,72,3180
57,73,2361
57,74,1987
57,75,1133
57,76,2559
57,77,4149
57,78,3284
57,79,2063
57,80,2030
57,81,2447
57,82,2730
57,83,2659
57,84,2192
57,85,4481
57,86,408
57,87,3369
57,88,4102
57,89,1012
57,90,3973
57,91,1360
57,92,3652
57,93,2633
57,94,2166
57,95,1258
57,96,3747
57,97,423
57,98,1779
57,99,552
57,100,3925
58,0,15541
58,1,3870
58,2,2999
58,3,4995
58,4,2539
58,5,6814
58,6,5787
58,7,6625
58,8,7407
58,9,818
58,10,1150
58,11,3164
58,12,4615
58,13,1902
58,14,5130
58,15,4470
58,16,2077
58,17,4994
58,18,1540
58,19,5605
58,20,7739
58,21,1176
58,22,3702
58,23,4150
58,24,796
58,25,1396
58,26,1511
58,27,1864
58,28,5953
58,29,2135
58,30,1804
58,31,6189
58,32,5082
58,33,5440
58,34,3514
58,35,3641
58,36,1481
58,37,2758
58,38,2629
58,39,5763
58,40,1897
58,41,415
58,42,4698
58,43,6648
58,44,2493
58,45,1667
58,46,2278
58,47,2179
58,48,4415
58,49,6415
58,50,3458
58,51,7591
58,52,1824
58,53,6637
58,54,3120
58,55,5610
58,56,3904
58,57,3794
58,59,6545
58,60,7565
58,61,2427
58,62,5752
58,63,3177
58,64,4244
58,65,3803
58,66,1697
58,67,1371
58,68,5799
58,69,4876
58,70,1995
58,71,6974
58,72,6972
58,73,1501
58,74,5781
58,75,4768
58,76,5245
58,77,7794
58,78,7071
58,79,1924
58,80,4520
58,81,2382
58,82,6507
58,83,4787
58,84,2337
58,85,7743
58,86,3393
58,87,7071
58,88,7815
58,89,3528
58,90,1440
58,91,3903
58,92,7012
58,93,3586
58,94,4772
58,95,5020
58,96,1485
58,97,3372
58,98,3939
58,99,3540
58,100,2340
59,0,9221
59,1,2677
59,2,4490
59,3,1621
59,4,5041
59,5,626
59,6,1988
59,7,1568
59,8,1711
59,9,6993
59,10,6947
59,11,4090
59,12,4762
59,13,5193
59,14,4271
59,15,2373
59,16,7044
59,17,4363
59,18,5085
59,19,4170
59,20,1455
59,21,6754
59,22,2966
59,23,2480
59,24,6938
59,25,6537
59,26,7199
59,27,4710
59,28,1659
59,29,7036
59,30,7068
59,31,3513
59,32,3702
59,33,1144
59,34,4152
59,35,4250
59,36,5075
59,37,5028
59,38,3932
59,39,2092
59,40,4846
59,41,6137
59,42,2137
59,43,1758
59,44,6151
59,45,7257
59,46,5856
59,47,7665
59,48,3249
59,49,1547
59,50,3827
59,51,1065
59,52,4754
59,53,2983
59,54,3461
59,55,4185
59,56,3214
59,57,2971
59,58,6545
59,60,1055
59,61,4174
59,62,2065
59,63,4254
59,64,2327
59,65,4001
59,66,5495
59,67,6113
59,68,772
59,69,2231
59,70,5624
59,71,1620
59,72,1445
59,73,5243
59,74,1589
59,75,1846
59,76,1963
59,77,3281
59,78,1889
59,79,4634
59,80,4187
59,81,4524
59,82,1073
59,83,2673
59,84,5158
59,85,1691
59,86,3358
59,87,730
59,88,1384
59,89,3024
59,90,6925
59,91,2721
59,92,3783
59,93,5338
59,94,4144
59,95,1780
59,96,6705
59,97,3356
59,98,4304
59,99,3462
59,100,6887
60,0,8169
60,1,3708
60,2,5538
60,3,2585
60,4,5924
60,5,1156
60,6,2479
60,7,2164
60,8,1316
60,9,7983
60,10,7916
60,11,5139
60,12,5359
60,13,6247
60,14,4777
60,15,3258
60,16,7951
60,17,4896
60,18,6124
60,19,4576
60,20,628
60,21,7804
60,22,4020
60,23,3449
60,24,7979
60,25,7484
60,26,8151
60,27,5716
60,28,2506
60,29,7938
60,30,7996
60,31,3767
60,32,4235
60,33,2199
60,34,4961
60,35,5274
60,36,6088
60,37,6076
60,38,4967
60,39,2574
60,40,5893
60,41,7160
60,42,3014
60,43,1861
60,44,7011
60,45,8200
60,46,6738
60,47,8586
60,48,3975
60,49,2237
60,50,4872
60,51,79
60,52,5788
60,53,3085
60,54,4503
60,55,4589
60,56,4065
60,57,3902
60,58,7565
60,59,1055
60,61,5216
60,62,2556
60,63,5300
60,64,3325
60,65,5022
60,66,6548
60,67,7064
60,68,1826
60,69,3247
60,70,6537
60,71,1525
60,72,1347
60,73,6227
60,74,2177
60,75,2814
60,76,2947
60,77,2985
60,78,1746
60,79,5665
60,80,4815
60,81,5577
60,82,1381
60,83,3664
60,84,6057
60,85,1582
60,86,4303
60,87,562
60,88,389
60,89,4059
60,90,7875
60,91,3772
60,92,3810
60,93,6083
60,94,4725
60,95,2654
60,96,7648
60,97,4307
60,98,5031
60,99,4352
60,100,7768
61,0,13310
61,1,1516
61,2,1358
61,3,2715
61,4,2254
61,5,4402
61,6,3788
61,7,4207
61,8,5237
61,9,3020
61,10,3104
61,11,1192
61,12,3850
61,13,1186
61,14,4047
61,15,2400
61,16,3581
61,17,3973
61,18,913
61,19,4413
61,20,5456
61,21,2610
61,22,1275
61,23,1959
61,24,2764
61,25,2871
61,26,3436
61,27,885
61,28,3538
61,29,3604
61,30,3469
61,31,4666
61,32,3744
61,33,3045
61,34,2455
61,35,1852
61,36,1082
61,37,1633
61,38,298
61,39,3796
61,40,709
61,41,2012
61,42,2582
61,43,4568
61,44,3154
61,45,3543
61,46,2782
61,47,4048
61,48,2845
61,49,3997
61,50,1363
61,51,5235
61,52,603
61,53,4886
61,54,713
61,55,4423
61,56,2201
61,57,1817
61,58,2427
61,59,4174
61,60,5216
61,62,3777
61,63,1349
61,64,1971
61,65,1873
61,66,1446
61,67,2475
61,68,3413
61,69,2469
61,70,2381
61,71,4837
61,72,4799
61,73,1506
61,74,3668
61,75,2502
61,76,2833
61,77,5950
61,78,4983
61,79,528
61,80,3463
61,81,673
61,82,4292
61,83,2448
61,84,2189
61,85,5316
61,86,1534
61,87,4754
61,88,5495
61,89,1164
61,90,3203
61,91,1482
61,92,5456
61,93,3352
61,94,3670
61,95,2838
61,96,3049
61,97,1490
61,98,2988
61,99,1898
61,100,3604
62,0,9845
62,1,2443
62,2,4675
62,3,1442
62,4,3651
62,5,2686
62,6,79
62,7,3467
62,8,1777
62,9,5982
62,10,5826
62,11,4285
62,12,2802
62,13,4960
62,14,2237
62,15,1377
62,16,5672
62,17,2347
62,18,4561
62,19,2105
62,20,2374
62,21,6307
62,22,3018
62,23,1849
62,24,6336
62,25,5332
62,26,5996
62,27,3924
62,28,3247
62,29,5648
62,30,5771
62,31,1517
62,32,1683
62,33,2039
62,34,2585
62,35,4721
62,36,4313
62,37,5162
62,38,3480
62,39,31
62,40,4478
62,41,5390
62,42,1220
62,43,938
62,44,4654
62,45,6016
62,46,4433
62,47,6332
62,48,1532
62,49,3368
62,50,4137
62,51,2623
62,52,4213
62,53,1255
62,54,3175
62,55,2120
62,56,1865
62,57,2000
62,58,5752
62,59,2065
62,60,2556
62,61,3777
62,63,4493
62,64,1933
62,65,4531
62,66,5223
62,67,4940
62,68,1981
62,69,3129
62,70,4316
62,71,1323
62,72,1397
62,73,4274
62,74,491
62,75,1526
62,76,3098
62,77,2184
62,78,1349
62,79,4061
62,80,2266
62,81,4357
62,82,1176
62,83,3601
62,84,3819
62,85,3745
62,86,2377
62,87,2006
62,88,2596
62,89,2733
62,90,5718
62,91,2778
62,92,2021
62,93,3588
62,94,2169
62,95,1096
62,96,5476
62,97,2405
62,98,2541
62,99,2223
62,100,5437
63,0,13466
63,1,2054
63,2,245
63,3,3160
63,4,3602
63,5,4289
63,6,4482
63,7,3781
63,8,5644
63,9,3926
63,10,4115
63,11,212
63,12,5118
63,13,1296
63,14,5228
63,15,3179
63,16,4754
63,17,5175
63,18,1762
63,19,5540
63,20,5675
63,21,2825
63,22,1478
63,23,2677
63,24,3187
63,25,4003
63,26,4477
63,27,2176
63,28,3120
63,29,4786
63,30,4594
63,31,5637
63,32,4850
63,33,3135
63,34,3731
63,35,519
63,36,2236
63,37,778
63,38,1514
63,39,4518
63,40,1360
63,41,2800
63,42,3283
63,43,5123
63,44,4459
63,45,4606
63,46,4090
63,47,5133
63,48,3918
63,49,3579
63,50,429
63,51,5299
63,52,1680
63,53,5709
63,54,1462
63,55,5552
63,56,3280
63,57,2784
63,58,3177
63,59,4254
63,60,5300
63,61,1349
63,62,4493
63,64,2560
63,65,628
63,66,1565
63,67,3651
63,68,3496
63,69,2101
63,70,3679
63,71,5308
63,72,5225
63,73,2741
63,74,4250
63,75,3004
63,76,2457
63,77,6659
63,78,5504
63,79,1719
63,80,4679
63,81,868
63,82,4688
63,83,1817
63,84,3530
63,85,4992
63,86,2640
63,87,4938
63,88,5637
63,89,1807
63,90,4283
63,91,1729
63,92,6375
63,93,4696
63,94,4862
63,95,3420
63,96,4174
63,97,2592
63,98,4255
63,99,3051
63,100,4831
64,0,11349
64,1,512
64,2,2742
64,3,754
64,4,2831
64,5,2696
64,6,1925
64,7,2875
64,8,3267
64,9,4666
64,10,4622
64,11,2351
64,12,3254
64,13,3114
64,14,3081
64,15,676
64,16,4770
64,17,3088
64,18,2848
64,19,3261
64,20,3506
64,21,4579
64,22,1090
64,23,255
64,24,4698
64,25,4225
64,26,4881
64,27,2392
64,28,2327
64,29,4768
64,30,4771
64,31,3155
64,32,2581
64,33,1321
64,34,2165
64,35,2811
64,36,2765
64,37,3235
64,38,1693
64,39,1958
64,40,2678
64,41,3843
64,42,727
64,43,2628
64,44,3956
64,45,4946
64,46,3630
64,47,5371
64,48,1703
64,49,2689
64,50,2214
64,51,3354
64,52,2502
64,53,3154
64,54,1295
64,55,3275
64,56,1255
64,57,779
64,58,4244
64,59,2327
64,60,3325
64,61,1971
64,62,1933
64,63,2560
64,65,2639
64,66,3396
64,67,3799
64,68,1631
64,69,1621
64,70,3354
64,71,2874
64,72,2830
64,73,2916
64,74,1730
64,75,533
64,76,1800
64,77,4108
64,78,3033
64,79,2367
64,80,2689
64,81,2476
64,82,2321
64,83,1992
64,84,2916
64,85,3747
64,86,1090
64,87,2827
64,88,3572
64,89,831
64,90,4611
64,91,864
64,92,3847
64,93,3409
64,94,2783
64,95,887
64,96,4396
64,97,1076
64,98,2519
64,99,1331
64,100,4647
65,0,13156
65,1,2171
65,2,816
65,3,3125
65,4,4113
65,5,3952
65,6,4509
65,7,3331
65,8,5505
65,9,4554
65,10,4741
65,11,699
65,12,5481
65,13,1913
65,14,5519
65,15,3302
65,16,5363
65,17,5483
65,18,2383
65,19,5791
65,20,5450
65,21,3398
65,22,1569
65,23,2806
65,24,3785
65,25,4617
65,26,5101
65,27,2739
65,28,2696
65,29,5394
65,30,5210
65,31,5788
65,32,5097
65,33,2937
65,34,4120
65,35,259
65,36,2835
65,37,1241
65,38,1976
65,39,4558
65,40,1981
65,41,3428
65,42,3362
65,43,5065
65,44,5022
65,45,5229
65,46,4651
65,47,5755
65,48,4165
65,49,3139
65,50,534
65,51,5013
65,52,2277
65,53,5776
65,54,1784
65,55,5803
65,56,3551
65,57,3022
65,58,3803
65,59,4001
65,60,5022
65,61,1873
65,62,4531
65,63,628
65,64,2639
65,66,2169
65,67,4257
65,68,3276
65,69,1775
65,70,4245
65,71,5205
65,72,5102
65,73,3328
65,74,4229
65,75,3007
65,76,2092
65,77,6650
65,78,5421
65,79,2299
65,80,5004
65,81,1483
65,82,4565
65,83,1392
65,84,4059
65,85,4556
65,86,2956
65,87,4713
65,88,5378
65,89,2011
65,90,4904
65,91,1775
65,92,6485
65,93,5161
65,94,5168
65,95,3436
65,96,4790
65,97,2908
65,98,4628
65,99,3373
65,100,5428
66,0,14691
66,1,2915
66,2,1353
66,3,4126
66,4,3048
66,5,5640
66,6,5235
66,7,5264
66,8,6661
66,9,2499
66,10,2763
66,11,1609
66,12,4981
66,13,304
66,14,5300
66,15,3846
66,16,3559
66,17,5203
66,18,836
66,19,5709
66,20,6836
66,21,1293
66,22,2528
66,23,3401
66,24,1623
66,25,2797
66,26,3136
66,27,1632
66,28,4590
66,29,3605
66,30,3340
66,31,6054
66,32,5070
66,33,4350
66,34,3631
66,35,1979
66,36,1401
66,37,1061
66,38,1742
66,39,5241
66,40,750
66,41,1380
66,42,4027
66,43,6010
66,44,3570
66,45,3281
66,46,3239
66,47,3811
66,48,4214
66,49,5057
66,50,1920
66,51,6560
66,52,1106
66,53,6317
66,54,2104
66,55,5718
66,56,3585
66,57,3250
66,58,1697
66,59,5495
66,60,6548
66,61,1446
66,62,5223
66,63,1565
66,64,3396
66,65,2169
66,67,2543
66,68,4723
66,69,3523
66,70,2837
66,71,6270
66,72,6224
66,73,1888
66,74,5109
66,75,3921
66,76,3895
66,77,7393
66,78,6422
66,79,1258
66,80,4689
66,81,972
66,82,5708
66,83,3327
66,84,2901
66,85,6448
66,86,2932
66,87,6118
66,88,6851
66,89,2570
66,90,2993
66,91,2777
66,92,6859
66,93,4232
66,94,4919
66,95,4274
66,96,2946
66,97,2892
66,98,4154
66,99,3251
66,100,3725
67,0,14784
67,1,3564
67,2,3548
67,3,4495
67,4,1364
67,5,6491
67,6,4989
67,7,6516
67,8,6686
67,9,1116
67,10,887
67,11,3559
67,12,3350
67,13,2606
67,14,3932
67,15,3820
67,16,1109
67,17,3783
67,18,1916
67,19,4423
67,20,7133
67,21,2513
67,22,3617
67,23,3633
67,24,2166
67,25,427
67,26,1087
67,27,1608
67,28,5875
67,29,1137
67,30,1007
67,31,5110
67,32,3979
67,33,5104
67,34,2451
67,35,4167
67,36,1424
67,37,3505
67,38,2531
67,39,4944
67,40,2307
67,41,1333
67,42,4063
67,43,5873
67,44,1129
67,45,1147
67,46,913
67,47,1603
67,48,3467
67,49,6311
67,50,3794
67,51,7103
67,52,1981
67,53,5651
67,54,2998
67,55,4426
67,56,3090
67,57,3163
67,58,1371
67,59,6113
67,60,7064
67,61,2475
67,62,4940
67,63,3651
67,64,3799
67,65,4257
67,66,2543
67,68,5430
67,69,4852
67,70,705
67,71,6236
67,72,6268
67,73,977
67,74,5072
67,75,4268
67,76,5192
67,77,6825
67,78,6289
67,79,1976
67,80,3349
67,81,2784
67,82,5861
67,83,4900
67,84,1166
67,85,7516
67,86,2762
67,87,6530
67,88,7261
67,89,3277
67,90,812
67,91,3744
67,92,5920
67,93,2257
67,94,3600
67,95,4417
67,96,603
67,97,2760
67,98,2779
67,99,2753
67,100,1195
68,0,9989
68,1,1931
68,2,3730
68,3,1016
68,4,4428
68,5,1067
68,6,1916
68,7,1518
68,8,2270
68,9,6273
68,10,6246
68,11,3327
68,12,4414
68,13,4422
68,14,4015
68,15,1823
68,16,6397
68,17,4082
68,18,4325
68,19,4004
68,20,2182
68,21,5984
68,22,2195
68,23,1818
68,24,6175
68,25,5856
68,26,6511
68,27,3981
68,28,1279
68,29,6393
68,30,6402
68,31,3499
68,32,3445
68,33,373
68,34,3624
68,35,3519
68,36,4338
68,37,4268
68,38,3177
68,39,2012
68,40,4078
68,41,5389
68,42,1614
68,43,2037
68,44,5550
68,45,6577
68,46,5237
68,47,7002
68,48,2831
68,49,1397
68,50,3072
68,51,1837
68,52,3997
68,53,3117
68,54,2700
68,55,4018
68,56,2667
68,57,2341
68,58,5799
68,59,772
68,60,1826
68,61,3413
68,62,1981
68,63,3496
68,64,1631
68,65,3276
68,66,4723
68,67,5430
68,69,1532
68,70,4977
68,71,2046
68,72,1908
68,73,4534
68,74,1499
68,75,1214
68,76,1328
68,77,3660
68,78,2298
68,79,3882
68,80,3826
68,81,3752
68,82,1400
68,83,2002
68,84,4528
68,85,2144
68,86,2704
68,87,1444
68,88,2146
68,89,2272
68,90,6241
68,91,1951
68,92,3925
68,93,4849
68,94,3827
68,95,1298
68,96,6027
68,97,2696
68,98,3850
68,99,2866
68,100,6262
69,0,11391
69,1,1458
69,2,2345
69,3,1701
69,4,4187
69,5,2193
69,6,3086
69,7,1755
69,8,3798
69,9,5488
69,10,5555
69,11,1969
69,12,4874
69,13,3221
69,14,4684
69,15,2239
69,16,5926
69,17,4700
69,18,3337
69,19,4823
69,20,3684
69,21,4816
69,22,1235
69,23,1873
69,24,5096
69,25,5269
69,26,5873
69,27,3257
69,28,1079
69,29,5938
69,30,5859
69,31,4568
69,32,4162
69,33,1231
69,34,3724
69,35,2028
69,36,3536
69,37,2876
69,38,2336
69,39,3159
69,40,3005
69,41,4463
69,42,2175
69,43,3468
69,44,5278
69,45,5969
69,46,4921
69,47,6453
69,48,3316
69,49,1545
69,50,1675
69,51,3238
69,52,3067
69,53,4374
69,54,1855
69,55,4838
69,56,2863
69,57,2344
69,58,4876
69,59,2231
69,60,3247
69,61,2469
69,62,3129
69,63,2101
69,64,1621
69,65,1775
69,66,3523
69,67,4852
69,68,1532
69,70,4576
69,71,3543
69,72,3419
69,73,3881
69,74,2730
69,75,1692
69,76,373
69,77,5094
69,78,3780
69,79,2995
69,80,4309
69,81,2576
69,82,2893
69,83,486
69,84,4220
69,85,2925
69,86,2530
69,87,2950
69,88,3604
69,89,1629
69,90,5626
69,91,1136
69,92,5149
69,93,4948
69,94,4398
69,95,2083
69,96,5449
69,97,2496
69,98,4121
69,99,2873
69,100,5878
70,0,14146
70,1,3197
70,2,3621
70,3,4004
70,4,678
70,5,6044
70,6,4369
70,7,6165
70,8,6080
70,9,1821
70,10,1562
70,11,3551
70,12,2651
70,13,2827
70,14,3227
70,15,3279
70,16,1421
70,17,3078
70,18,2078
70,19,3717
70,20,6565
70,21,3068
70,22,3359
70,23,3160
70,24,2784
70,25,1032
70,26,1685
70,27,1507
70,28,5549
70,29,1416
70,30,1465
70,31,4414
70,32,3282
70,33,4674
70,34,1776
70,35,4197
70,36,1499
70,37,3681
70,38,2353
70,39,4318
70,40,2421
70,41,1856
70,42,3523
70,43,5254
70,44,780
70,45,1700
70,46,415
70,47,2050
70,48,2815
70,49,5965
70,50,3743
70,51,6581
70,52,2021
70,53,4971
70,54,2761
70,55,3720
70,56,2498
70,57,2653
70,58,1995
70,59,5624
70,60,6537
70,61,2381
70,62,4316
70,63,3679
70,64,3354
70,65,4245
70,66,2837
70,67,705
70,68,4977
70,69,4576
70,71,5627
70,72,5670
70,73,973
70,74,4484
70,75,3783
70,76,4893
70,77,6146
70,78,5664
70,79,1962
70,80,2645
70,81,2839
70,82,5288
70,83,4691
70,84,498
70,85,7100
70,86,2274
70,87,5992
70,88,6711
70,89,2954
70,90,1408
70,91,3443
70,92,5221
70,93,1591
70,94,2896
70,95,3883
70,96,1163
70,97,2281
70,98,2077
70,99,2186
70,100,1307
71,0,8573
71,1,3366
71,2,5520
71,3,2166
71,4,4967
71,5,2178
71,6,1263
71,7,3185
71,8,454
71,9,7256
71,10,7119
71,11,5114
71,12,4023
71,13,5987
71,14,3382
71,15,2506
71,16,6992
71,17,3517
71,18,5685
71,19,3120
71,20,1139
71,21,7431
71,22,3856
71,23,2884
71,24,7510
71,25,6635
71,26,7302
71,27,5118
71,28,3234
71,29,6969
71,30,7086
71,31,2263
71,32,2880
71,33,2312
71,34,3908
71,35,5430
71,36,5508
71,37,6041
71,38,4550
71,39,1327
71,40,5545
71,41,6596
71,42,2286
71,43,404
71,44,5977
71,45,7327
71,46,5754
71,47,7652
71,48,2856
71,49,3166
71,50,4907
71,51,1603
71,52,5336
71,53,1561
71,54,4168
71,55,3133
71,56,3147
71,57,3180
71,58,6974
71,59,1620
71,60,1525
71,61,4837
71,62,1323
71,63,5308
71,64,2874
71,65,5205
71,66,6270
71,67,6236
71,68,2046
71,69,3543
71,70,5627
71,72,189
71,73,5523
71,74,1193
71,75,2355
71,76,3372
71,77,1661
71,78,269
71,79,5191
71,80,3528
71,81,5344
71,82,650
71,83,4025
71,84,5130
71,85,3017
71,86,3582
71,87,1108
71,88,1420
71,89,3703
71,90,7023
71,91,3596
71,92,2296
71,93,4892
71,94,3395
71,95,2000
71,96,6783
71,97,3602
71,98,3852
71,99,3492
71,100,6761
72,0,8569
72,1,3313
72,2,5441
72,3,2105
72,4,5016
72,5,1993
72,6,1330
72,7,3006
72,8,439
72,9,7274
72,10,7147
72,11,5034
72,12,4142
72,13,5939
72,14,3514
72,15,2503
72,16,7046
72,17,3645
72,18,5659
72,19,3268
72,20,1001
72,21,7401
72,22,3785
72,23,2857
72,24,7493
72,25,6671
72,26,7339
72,27,5112
72,28,3072
72,29,7025
72,30,7132
72,31,2428
72,32,3000
72,33,2190
72,34,3969
72,35,5331
72,36,5501
72,37,5966
72,38,4516
72,39,1404
72,40,5507
72,41,6589
72,42,2275
72,43,533
72,44,6041
72,45,7367
72,46,5810
72,47,7703
72,48,2923
72,49,2991
72,50,4820
72,51,1424
72,52,5310
72,53,1740
72,54,4120
72,55,3281
72,56,3179
72,57,3180
72,58,6972
72,59,1445
72,60,1347
72,61,4799
72,62,1397
72,63,5225
72,64,2830
72,65,5102
72,66,6224
72,67,6268
72,68,1908
72,69,3419
72,70,5670
72,71,189
72,73,5534
72,74,1200
72,75,2303
72,76,3236
72,77,1837
72,78,452
72,79,5168
72,80,3635
72,81,5290
72,82,538
72,83,3899
72,84,5175
72,85,2828
72,86,3585
72,87,919
72,88,1266
72,89,3655
72,90,7060
72,91,3524
72,92,2482
72,93,4982
72,94,3511
72,95,1970
72,96,6821
72,97,3603
72,98,3937
72,99,3517
72,100,6822
73,0,14096
73,1,2632
73,2,2665
73,3,3642
73,4,1200
73,5,5586
73,6,4312
73,7,5561
73,8,5964
73,9,1757
73,10,1715
73,11,2629
73,12,3249
73,13,1857
73,14,3695
73,15,3037
73,16,2077
73,17,3569
73,18,1106
73,19,4155
73,20,6346
73,21,2342
73,22,2646
73,23,2778
73,24,2189
73,25,1389
73,26,2004
73,27,632
73,28,4913
73,29,2099
73,30,1982
73,31,4698
73,32,3602
73,33,4195
73,34,2040
73,35,3259
73,36,526
73,37,2708
73,38,1555
73,39,4283
73,40,1450
73,41,1193
73,42,3274
73,43,5184
73,44,1743
73,45,2091
73,46,1387
73,47,2573
73,48,2914
73,49,5354
73,50,2846
73,51,6261
73,52,1064
73,53,5137
73,54,2026
73,55,4161
73,56,2415
73,57,2361
73,58,1501
73,59,5243
73,60,6227
73,61,1506
73,62,4274
73,63,2741
73,64,2916
73,65,3328
73,66,1888
73,67,977
73,68,4534
73,69,3881
73,70,973
73,71,5523
73,72,5534
73,74,4335
73,75,3413
73,76,4225
73,77,6294
73,78,5606
73,79,1028
73,80,3077
73,81,1885
73,82,5091
73,83,3924
73,84,1030
73,85,6588
73,86,1953
73,87,5709
73,88,6449
73,89,2328
73,90,1748
73,91,2783
73,92,5522
73,93,2372
73,94,3325
73,95,3614
73,96,1568
73,97,1940
73,98,2500
73,99,2053
73,100,2104
74,0,9763
74,1,2237
74,2,4447
74,3,1104
74,4,3838
74,5,2205
74,6,420
74,7,2976
74,8,1629
74,9,6075
74,10,5950
74,11,4047
74,12,3210
74,13,4833
74,14,2686
74,15,1313
74,16,5872
74,17,2785
74,18,4502
74,19,2585
74,20,2091
74,21,6250
74,22,2774
74,23,1709
74,24,6319
74,25,5477
74,26,6146
74,27,3925
74,28,2772
74,29,5853
74,30,5948
74,31,2002
74,32,2121
74,33,1586
74,34,2819
74,35,4434
74,36,4315
74,37,4953
74,38,3377
74,39,521
74,40,4376
74,41,5402
74,42,1097
74,43,901
74,44,4888
74,45,6178
74,46,4640
74,47,6524
74,48,1804
74,49,2880
74,50,3872
74,51,2238
74,52,4151
74,53,1655
74,54,3018
74,55,2600
74,56,1987
74,57,1987
74,58,5781
74,59,1589
74,60,2177
74,61,3668
74,62,491
74,63,4250
74,64,1730
74,65,4229
74,66,5109
74,67,5072
74,68,1499
74,69,2730
74,70,4484
74,71,1193
74,72,1200
74,73,4335
74,75,1245
74,76,2666
74,77,2422
74,78,1315
74,79,4006
74,80,2651
74,81,4203
74,82,821
74,83,3211
74,84,3991
74,85,3277
74,86,2390
74,87,1617
74,88,2271
74,89,2559
74,90,5867
74,91,2521
74,92,2451
74,93,3907
74,94,2582
74,95,842
74,96,5630
74,97,2409
74,98,2855
74,99,2320
74,100,5662
75,0,10816
75,1,1011
75,2,3202
75,3,229
75,4,3218
75,5,2273
75,6,1502
75,7,2609
75,8,2740
75,9,5169
75,10,5108
75,11,2801
75,12,3331
75,13,3636
75,14,3044
75,15,645
75,16,5204
75,17,3080
75,18,3381
75,19,3144
75,20,2976
75,21,5111
75,22,1528
75,23,636
75,24,5230
75,25,4692
75,26,5354
75,27,2909
75,28,2149
75,29,5198
75,30,5223
75,31,2889
75,32,2501
75,33,976
75,34,2422
75,35,3202
75,36,3287
75,37,3710
75,38,2226
75,39,1554
75,40,3208
75,41,4369
75,42,501
75,43,2129
75,44,4338
75,45,5412
75,46,4030
75,47,5821
75,48,1731
75,49,2443
75,50,2630
75,51,2848
75,52,3035
75,53,2777
75,54,1817
75,55,3159
75,56,1466
75,57,1133
75,58,4768
75,59,1846
75,60,2814
75,61,2502
75,62,1526
75,63,3004
75,64,533
75,65,3007
75,66,3921
75,67,4268
75,68,1214
75,69,1692
75,70,3783
75,71,2355
75,72,2303
75,73,3413
75,74,1245
75,76,1762
75,77,3659
75,78,2525
75,79,2900
75,80,2746
75,81,2990
75,82,1790
75,83,2136
75,84,3325
75,85,3358
75,86,1513
75,87,2305
75,88,3049
75,89,1352
75,90,5081
75,91,1276
75,92,3516
75,93,3657
75,94,2793
75,95,429
75,96,4860
75,97,1511
75,98,2688
75,99,1653
75,100,5058
76,0,11064
76,1,1727
76,2,2701
76,3,1722
76,4,4477
76,5,1860
76,6,3048
76,7,1382
76,8,3592
76,9,5849
76,10,5909
76,11,2333
76,12,5040
76,13,3594
76,14,4801
76,15,2361
76,16,6257
76,17,4829
76,18,3707
76,19,4904
76,20,3416
76,21,5188
76,22,1582
76,23,2055
76,24,5469
76,25,5612
76,26,6222
76,27,3605
76,28,708
76,29,6267
76,30,6198
76,31,4578
76,32,4262
76,33,1093
76,34,3950
76,35,2349
76,36,3893
76,37,3229
76,38,2689
76,39,3129
76,40,3377
76,41,4831
76,42,2261
76,43,3337
76,44,5580
76,45,6315
76,46,5228
76,47,6795
76,48,3457
76,49,1173
76,50,2034
76,51,2933
76,52,3432
76,53,4321
76,54,2201
76,55,4919
76,56,3055
76,57,2559
76,58,5245
76,59,1963
76,60,2947
76,61,2833
76,62,3098
76,63,2457
76,64,1800
76,65,2092
76,66,3895
76,67,5192
76,68,1328
76,69,373
76,70,4893
76,71,3372
76,72,3236
76,73,4225
76,74,2666
76,75,1762
76,77,4967
76,78,3621
76,79,3357
76,80,4465
76,81,2950
76,82,2724
76,83,716
76,84,4521
76,85,2554
76,86,2785
76,87,2691
76,88,3315
76,89,1939
76,90,5972
76,91,1453
76,92,5112
76,93,5186
76,94,4535
76,95,2111
76,96,5791
76,97,2755
76,98,4319
76,99,3102
76,100,6198
77,0,8139
77,1,4619
77,2,6848
77,3,3526
77,4,5468
77,5,3823
77,6,2184
77,7,4843
77,8,1678
77,9,7918
77,10,7704
77,11,6453
77,12,3926
77,13,7136
77,14,3203
77,15,3557
77,16,7373
77,17,3369
77,18,6704
77,19,2764
77,20,2408
77,21,8439
77,22,5181
77,23,4033
77,24,8429
77,25,7177
77,26,7816
77,27,6023
77,28,4884
77,29,7336
77,30,7529
77,31,1835
77,32,2916
77,33,3879
77,34,4374
77,35,6856
77,36,6406
77,37,7342
77,38,5653
77,39,2162
77,40,6645
77,41,7457
77,42,3403
77,43,1630
77,44,6298
77,45,7808
77,46,6163
77,47,8039
77,48,3385
77,49,4827
77,50,6289
77,51,3062
77,52,6360
77,53,1174
77,54,5359
77,55,2770
77,56,3905
77,57,4149
77,58,7794
77,59,3281
77,60,2985
77,61,5950
77,62,2184
77,63,6659
77,64,4108
77,65,6650
77,66,7393
77,67,6825
77,68,3660
77,69,5094
77,70,6146
77,71,1661
77,72,1837
77,73,6294
77,74,2422
77,75,3659
77,76,4967
77,78,1393
77,79,6206
77,80,3615
77,81,6540
77,82,2271
77,83,5579
77,84,5660
77,85,4561
77,86,4499
77,87,2710
77,88,2728
77,89,4916
77,90,7545
77,91,4933
77,92,1258
77,93,5023
77,94,3398
77,95,3238
77,96,7298
77,97,4533
77,98,4115
77,99,4269
77,100,7080
78,0,8499
78,1,3533
78,2,5712
78,3,2348
78,4,4997
78,5,2445
78,6,1301
78,7,3454
78,8,520
78,9,7325
78,10,7174
78,11,5307
78,12,3944
78,13,6144
78,14,3281
78,15,2619
78,16,7012
78,17,3423
78,18,5816
78,19,2988
78,20,1298
78,21,7564
78,22,4042
78,23,3024
78,24,7626
78,25,6681
78,26,7345
78,27,5224
78,28,3498
78,29,6986
78,30,7116
78,31,2098
78,32,2804
78,33,2550
78,34,3923
78,35,5642
78,36,5614
78,37,6228
78,38,4693
78,39,1346
78,40,5691
78,41,6699
78,42,2411
78,43,423
78,44,5982
78,45,7364
78,46,5773
78,47,7674
78,48,2866
78,49,3434
78,50,5109
78,51,1825
78,52,5465
78,53,1362
78,54,4326
78,55,3000
78,56,3208
78,57,3284
78,58,7071
78,59,1889
78,60,1746
78,61,4983
78,62,1349
78,63,5504
78,64,3033
78,65,5421
78,66,6422
78,67,6289
78,68,2298
78,69,3780
78,70,5664
78,71,269
78,72,452
78,73,5606
78,74,1315
78,75,2525
78,76,3621
78,77,1393
78,79,5319
78,80,3472
78,81,5508
78,82,897
78,83,4264
78,84,5167
78,85,3266
78,86,3679
78,87,1363
78,88,1600
78,89,3864
78,90,7067
78,91,3784
78,92,2064
78,93,4858
78,94,3323
78,95,2149
78,96,6825
78,97,3703
78,98,3830
78,99,3561
78,100,6769
79,0,13714
79,1,1958
79,2,1662
79,3,3121
79,4,1957
79,5,4891
79,6,4082
79,7,4728
79,8,5606
79,9,2493
79,10,2577
79,11,1601
79,12,3759
79,13,1083
79,14,4048
79,15,2703
79,16,3085
79,17,3954
79,18,499
79,19,4452
79,20,5873
79,21,2248
79,22,1789
79,23,2311
79,24,2331
79,25,2361
79,26,2912
79,27,474
79,28,4061
79,29,3112
79,30,2959
79,31,4808
79,32,3812
79,33,3519
79,34,2388
79,35,2237
79,36,561
79,37,1790
79,38,705
79,39,4077
79,40,559
79,41,1511
79,42,2909
79,43,4899
79,44,2742
79,45,3023
79,46,2374
79,47,3532
79,48,2964
79,49,4518
79,50,1821
79,51,5688
79,52,156
79,53,5103
79,54,1196
79,55,4461
79,56,2345
79,57,2063
79,58,1924
79,59,4634
79,60,5665
79,61,528
79,62,4061
79,63,1719
79,64,2367
79,65,2299
79,66,1258
79,67,1976
79,68,3882
79,69,2995
79,70,1962
79,71,5191
79,72,5168
79,73,1028
79,74,4006
79,75,2900
79,76,3357
79,77,6206
79,78,5319
79,80,3440
79,81,882
79,82,4676
79,83,2973
79,84,1854
79,85,5825
79,86,1711
79,87,5186
79,88,5930
79,89,1610
79,90,2684
79,91,1981
79,92,5617
79,93,3116
79,94,3666
79,95,3198
79,96,2538
79,97,1675
79,98,2917
79,99,2003
79,100,3131
80,0,11737
80,1,2967
80,2,4763
80,3,2868
80,4,2001
80,5,4767
80,6,2342
80,7,5320
80,8,3966
80,9,4465
80,10,4195
80,11,4477
80,12,588
80,13,4522
80,14,620
80,15,2112
80,16,3769
80,17,514
80,18,3866
80,19,1085
80,20,4630
80,21,5411
80,22,3506
80,23,2439
80,24,5257
80,25,3652
80,26,4259
80,27,3070
80,28,4895
80,29,3730
80,30,3944
80,31,1807
80,32,704
80,33,3690
80,34,1063
80,35,5096
80,36,3382
80,37,5095
80,38,3212
80,39,2251
80,40,3991
80,41,4263
80,42,2257
80,43,3124
80,44,2690
80,45,4235
80,46,2587
80,47,4432
80,48,1016
80,49,5168
80,50,4486
80,51,4879
80,52,3587
80,53,2465
80,54,3234
80,55,1090
80,56,1484
80,57,2030
80,58,4520
80,59,4187
80,60,4815
80,61,3463
80,62,2266
80,63,4679
80,64,2689
80,65,5004
80,66,4689
80,67,3349
80,68,3826
80,69,4309
80,70,2645
80,71,3528
80,72,3635
80,73,3077
80,74,2651
80,75,2746
80,76,4465
80,77,3615
80,78,3472
80,79,3440
80,81,4135
80,82,3436
80,83,4667
80,84,2205
80,85,5870
80,86,2050
80,87,4259
80,88,4860
80,89,3017
80,90,3998
80,91,3390
80,92,2590
80,93,1418
80,94,253
80,95,2531
80,96,3753
80,97,2098
80,98,582
80,99,1633
80,100,3468
81,0,13726
81,1,1978
81,2,782
81,3,3186
81,4,2825
81,5,4671
81,6,4362
81,7,4328
81,8,5725
81,9,3095
81,10,3262
81,11,799
81,12,4515
81,13,670
81,14,4721
81,15,2984
81,16,3886
81,17,4646
81,18,901
81,19,5084
81,20,5874
81,21,2253
81,22,1558
81,23,2511
81,24,2521
81,25,3136
81,26,3621
81,27,1354
81,28,3652
81,29,3919
81,30,3728
81,31,5316
81,32,4413
81,33,3379
81,34,3121
81,35,1383
81,36,1372
81,37,964
81,38,946
81,39,4378
81,40,501
81,41,1985
81,42,3143
81,43,5103
81,44,3618
81,45,3747
81,46,3252
81,47,4272
81,48,3507
81,49,4119
81,50,1080
81,51,5589
81,52,821
81,53,5503
81,54,1186
81,55,5095
81,56,2861
81,57,2447
81,58,2382
81,59,4524
81,60,5577
81,61,673
81,62,4357
81,63,868
81,64,2476
81,65,1483
81,66,972
81,67,2784
81,68,3752
81,69,2576
81,70,2839
81,71,5344
81,72,5290
81,73,1885
81,74,4203
81,75,2990
81,76,2950
81,77,6540
81,78,5508
81,79,882
81,80,4135
81,82,4768
81,83,2425
81,84,2732
81,85,5497
81,86,2193
81,87,5153
81,88,5883
81,89,1645
81,90,3421
81,91,1810
81,92,6098
81,93,3964
81,94,4343
81,95,3362
81,96,3308
81,97,2147
81,98,3655
81,99,2568
81,100,3966
82,0,9041
82,1,2794
82,2,4905
82,3,1583
82,4,4649
82,5,1683
82,6,1098
82,7,2630
82,8,960
82,9,6841
82,10,6733
82,11,4498
82,12,3978
82,13,5420
82,14,3405
82,15,2054
82,16,6684
82,17,3520
82,18,5163
82,19,3231
82,20,1277
82,21,6899
82,22,3253
82,23,2368
82,24,7005
82,25,6271
82,26,6941
82,27,4643
82,28,2615
82,29,6666
82,30,6753
82,31,2491
82,32,2858
82,33,1662
82,34,3639
82,35,4794
82,36,5030
82,37,5431
82,38,4013
82,39,1195
82,40,4997
82,41,6118
82,42,1817
82,43,687
82,44,5707
82,45,6977
82,46,5455
82,47,7333
82,48,2623
82,49,2587
82,50,4282
82,51,1447
82,52,4815
82,53,1915
82,54,3605
82,55,3245
82,56,2791
82,57,2730
82,58,6507
82,59,1073
82,60,1381
82,61,4292
82,62,1176
82,63,4688
82,64,2321
82,65,4565
82,66,5708
82,67,5861
82,68,1400
82,69,2893
82,70,5288
82,71,650
82,72,538
82,73,5091
82,74,821
82,75,1790
82,76,2724
82,77,2271
82,78,897
82,79,4676
82,80,3436
82,81,4768
82,83,3375
82,84,4797
82,85,2654
82,86,3138
82,87,831
82,88,1450
82,89,3139
82,90,6662
82,91,2992
82,92,2711
82,93,4722
82,94,3345
82,95,1488
82,96,6427
82,97,3152
82,98,3670
82,99,3111
82,100,6479
83,0,11772
83,1,1730
83,2,2060
83,3,2166
83,4,4362
83,5,2569
83,6,3561
83,7,1965
83,8,4272
83,9,5448
83,10,5550
83,11,1724
83,12,5218
83,13,3033
83,14,5073
83,15,2642
83,16,5995
83,17,5079
83,18,3255
83,19,5238
83,20,4127
83,21,4614
83,22,1346
83,23,2233
83,24,4933
83,25,5307
83,26,5883
83,27,3292
83,28,1311
83,29,6012
83,30,5904
83,31,5023
83,32,4567
83,33,1714
83,34,4006
83,35,1650
83,36,3530
83,37,2571
83,38,2370
83,39,3632
83,40,2892
83,41,4380
83,42,2603
83,43,3953
83,44,5422
83,45,5989
83,46,5057
83,47,6489
83,48,3694
83,49,1765
83,50,1414
83,51,3649
83,52,3021
83,53,4850
83,54,1930
83,55,5252
83,56,3196
83,57,2659
83,58,4787
83,59,2673
83,60,3664
83,61,2448
83,62,3601
83,63,1817
83,64,1992
83,65,1392
83,66,3327
83,67,4900
83,68,2002
83,69,486
83,70,4691
83,71,4025
83,72,3899
83,73,3924
83,74,3211
83,75,2136
83,76,716
83,77,5579
83,78,4264
83,79,2973
83,80,4667
83,81,2425
83,82,3375
83,84,4373
83,85,3181
83,86,2787
83,87,3398
83,88,4030
83,89,1816
83,90,5648
83,91,1339
83,92,5620
83,93,5204
83,94,4772
83,95,2540
83,96,5487
83,97,2749
83,98,4435
83,99,3161
83,100,5977
84,0,13649
84,1,2804
84,2,3504
84,3,3542
84,4,204
84,5,5594
84,6,3872
84,7,5760
84,8,5583
84,9,2274
84,10,2044
84,11,3381
84,12,2280
84,13,2838
84,14,2804
84,15,2801
84,16,1894
84,17,2663
84,18,2087
84,19,3287
84,20,6074
84,21,3326
84,22,3029
84,23,2711
84,24,3102
84,25,1524
84,26,2181
84,27,1381
84,28,5158
84,29,1881
84,30,1958
84,31,3946
84,32,2817
84,33,4236
84,34,1287
84,35,4040
84,36,1502
84,37,3636
84,38,2104
84,39,3821
84,40,2374
84,41,2127
84,42,3044
84,43,4757
84,44,1059
84,45,2197
84,46,714
84,47,2536
84,48,2319
84,49,5563
84,50,3539
84,51,6102
84,52,1947
84,53,4486
84,54,2458
84,55,3291
84,56,2007
84,57,2192
84,58,2337
84,59,5158
84,60,6057
84,61,2189
84,62,3819
84,63,3530
84,64,2916
84,65,4059
84,66,2901
84,67,1166
84,68,4528
84,69,4220
84,70,498
84,71,5130
84,72,5175
84,73,1030
84,74,3991
84,75,3325
84,76,4521
84,77,5660
84,78,5167
84,79,1854
84,80,2205
84,81,2732
84,82,4797
84,83,4373
84,85,6661
84,86,1828
84,87,5509
84,88,6224
84,89,2591
84,90,1904
84,91,3085
84,92,4760
84,93,1342
84,94,2457
84,95,3405
84,96,1660
84,97,1841
84,98,1627
84,99,1705
84,100,1734
85,0,8774
85,1,3957
85,2,5237
85,3,3157
85,4,6567
85,5,1108
85,6,3666
85,7,1226
85,8,2884
85,9,8291
85,10,8302
85,11,4881
85,12,6448
85,13,6146
85,14,5961
85,15,3959
85,16,8515
85,17,6054
85,18,6216
85,19,5849
85,20,2197
85,21,7741
85,22,4041
85,23,3951
85,24,8012
85,25,7943
85,26,8587
85,27,6001
85,28,1873
85,29,8514
85,30,8504
85,31,5144
85,32,5393
85,33,2426
85,34,5761
85,35,4814
85,36,6330
85,37,5753
85,38,5128
85,39,3771
85,40,5908
85,41,7328
85,42,3739
85,43,3282
85,44,7690
85,45,8662
85,46,7373
85,47,9106
85,48,4913
85,49,1417
85,50,4577
85,51,1508
85,52,5918
85,53,4539
85,54,4632
85,55,5863
85,56,4806
85,57,4481
85,58,7743
85,59,1691
85,60,1582
85,61,5316
85,62,3745
85,63,4992
85,64,3747
85,65,4556
85,66,6448
85,67,7516
85,68,2144
85,69,2925
85,70,7100
85,71,3017
85,72,2828
85,73,6588
85,74,3277
85,75,3358
85,76,2554
85,77,4561
85,78,3266
85,79,5825
85,80,5870
85,81,5497
85,82,2654
85,83,3181
85,84,6661
85,86,4834
85,87,1910
85,88,1899
85,89,4266
85,90,8322
85,91,3846
85,92,5306
85,93,6975
85,94,5833
85,95,3400
85,96,8118
85,97,4822
85,98,5957
85,99,5010
85,100,8393
86,0,12153
86,1,1072
86,2,2742
86,3,1737
86,4,1742
86,5,3770
86,6,2405
86,7,3953
86,8,4018
86,9,3705
86,10,3615
86,11,2434
86,12,2532
86,13,2701
86,14,2588
86,15,1085
86,16,3694
86,17,2538
86,18,2207
86,19,2912
86,20,4396
86,21,3942
86,22,1506
86,23,886
86,24,3959
86,25,3184
86,26,3849
86,27,1548
86,28,3378
86,29,3689
86,30,3711
86,31,3133
86,32,2229
86,33,2408
86,34,1224
86,35,3046
86,36,1938
86,37,3122
86,38,1247
86,39,2390
86,40,2184
86,41,3020
86,42,1321
86,43,3256
86,44,2866
86,45,3902
86,46,2540
86,47,4308
86,48,1315
86,49,3762
86,50,2436
86,51,4341
86,52,1865
86,53,3393
86,54,1185
86,55,2923
86,56,668
86,57,408
86,58,3393
86,59,3358
86,60,4303
86,61,1534
86,62,2377
86,63,2640
86,64,1090
86,65,2956
86,66,2932
86,67,2762
86,68,2704
86,69,2530
86,70,2274
86,71,3582
86,72,3585
86,73,1953
86,74,2390
86,75,1513
86,76,2785
86,77,4499
86,78,3679
86,79,1711
86,80,2050
86,81,2193
86,82,3138
86,83,2787
86,84,1828
86,85,4834
86,87,3773
86,88,4508
86,89,1004
86,90,3573
86,91,1450
86,92,3930
86,93,2421
86,94,2224
86,95,1665
86,96,3350
86,97,48
86,98,1692
86,99,417
86,100,3560
87,0,8574
87,1,3238
87,2,5171
87,3,2077
87,4,5373
87,5,1132
87,6,1928
87,7,2178
87,8,1055
87,9,7466
87,10,7388
87,11,4766
87,12,4806
87,13,5820
87,14,4236
87,15,2715
87,16,7403
87,17,4351
87,18,5654
87,19,4053
87,20,738
87,21,7356
87,22,3596
87,23,2933
87,24,7510
87,25,6948
87,26,7616
87,27,5214
87,28,2369
87,29,7389
87,30,7453
87,31,3278
87,32,3689
87,33,1804
87,34,4402
87,35,4958
87,36,5591
87,37,5708
87,38,4495
87,39,2025
87,40,5443
87,41,6670
87,42,2471
87,43,1383
87,44,6455
87,45,7662
87,46,6186
87,47,8042
87,48,3413
87,49,2198
87,50,4515
87,51,621
87,52,5314
87,53,2636
87,54,4044
87,55,4067
87,56,3512
87,57,3369
87,58,7071
87,59,730
87,60,562
87,61,4754
87,62,2006
87,63,4938
87,64,2827
87,65,4713
87,66,6118
87,67,6530
87,68,1444
87,69,2950
87,70,5992
87,71,1108
87,72,919
87,73,5709
87,74,1617
87,75,2305
87,76,2691
87,77,2710
87,78,1363
87,79,5186
87,80,4259
87,81,5153
87,82,831
87,83,3398
87,84,5509
87,85,1910
87,86,3773
87,88,745
87,89,3590
87,90,7339
87,91,3342
87,92,3397
87,93,5521
87,94,4174
87,95,2114
87,96,7110
87,97,3779
87,98,4470
87,99,3806
87,100,7215
88,0,7846
88,1,3981
88,2,5873
88,3,2821
88,4,6082
88,5,1544
88,6,2521
88,7,2552
88,8,1112
88,9,8206
88,10,8122
88,11,5472
88,12,5385
88,13,6551
88,14,4772
88,15,3441
88,16,8116
88,17,4900
88,18,6398
88,19,4534
88,20,322
88,21,8095
88,22,4325
88,23,3675
88,24,8254
88,25,7677
88,26,8345
88,27,5958
88,28,2891
88,29,8100
88,30,8174
88,31,3682
88,32,4248
88,33,2515
88,34,5087
88,35,5629
88,36,6335
88,37,6411
88,38,5238
88,39,2609
88,40,6182
88,41,7414
88,42,3197
88,43,1799
88,44,7151
88,45,8388
88,46,6892
88,47,8759
88,48,4073
88,49,2626
88,50,5211
88,51,436
88,52,6058
88,53,2962
88,54,4785
88,55,4547
88,56,4220
88,57,4102
88,58,7815
88,59,1384
88,60,389
88,61,5495
88,62,2596
88,63,5637
88,64,3572
88,65,5378
88,66,6851
88,67,7261
88,68,2146
88,69,3604
88,70,6711
88,71,1420
88,72,1266
88,73,6449
88,74,2271
88,75,3049
88,76,3315
88,77,2728
88,78,1600
88,79,5930
88,80,4860
88,81,5883
88,82,1450
88,83,4030
88,84,6224
88,85,1899
88,86,4508
88,87,745
88,89,4333
88,90,8068
88,91,4073
88,92,3644
88,93,6169
88,94,4752
88,95,2844
88,96,7837
88,97,4515
88,98,5117
88,99,4525
88,100,7919
89,0,12147
89,1,353
89,2,1964
89,3,1558
89,4,2562
89,5,3294
89,6,2732
89,7,3239
89,8,4091
89,9,4029
89,10,4038
89,11,1595
89,12,3523
89,13,2284
89,14,3513
89,15,1382
89,16,4325
89,17,3482
89,18,2066
89,19,3781
89,20,4292
89,21,3772
89,22,502
89,23,887
89,24,3922
89,25,3701
89,26,4331
89,27,1735
89,28,2603
89,29,4333
89,30,4279
89,31,3830
89,32,3087
89,33,1913
89,34,2226
89,35,2137
89,36,2074
89,37,2432
89,38,908
89,39,2756
89,40,1862
89,41,3117
89,42,1513
89,43,3458
89,44,3649
89,45,4414
89,46,3293
89,47,4879
89,48,2154
89,49,3034
89,50,1520
89,51,4080
89,52,1730
89,53,3920
89,54,466
89,55,3793
89,56,1546
89,57,1012
89,58,3528
89,59,3024
89,60,4059
89,61,1164
89,62,2733
89,63,1807
89,64,831
89,65,2011
89,66,2570
89,67,3277
89,68,2272
89,69,1629
89,70,2954
89,71,3703
89,72,3655
89,73,2328
89,74,2559
89,75,1352
89,76,1939
89,77,4916
89,78,3864
89,79,1610
89,80,3017
89,81,1645
89,82,3139
89,83,1816
89,84,2591
89,85,4266
89,86,1004
89,87,3590
89,88,4333
89,90,4072
89,91,494
89,92,4570
89,93,3395
89,94,3167
89,95,1717
89,96,3879
89,97,960
89,98,2694
89,99,1409
89,100,4259
90,0,15553
90,1,4367
90,2,4151
90,3,5307
90,4,2086
90,5,7302
90,6,5769
90,7,7309
90,8,7475
90,9,737
90,10,324
90,11,4216
90,12,3912
90,13,3123
90,14,4550
90,15,4627
90,16,648
90,17,4392
90,18,2522
90,19,5045
90,20,7936
90,21,2596
90,22,4392
90,23,4446
90,24,2136
90,25,391
90,26,279
90,27,2369
90,28,6661
90,29,712
90,30,363
90,31,5792
90,32,4661
90,33,5914
90,34,3183
90,35,4787
90,36,2123
90,37,4025
90,38,3292
90,39,5721
90,40,2924
90,41,1626
90,42,4870
90,43,6654
90,44,1426
90,45,343
90,46,1416
90,47,852
90,48,4223
90,49,7102
90,50,4473
90,51,7914
90,52,2660
90,53,6372
90,54,3772
90,55,5046
90,56,3881
90,57,3973
90,58,1440
90,59,6925
90,60,7875
90,61,3203
90,62,5718
90,63,4283
90,64,4611
90,65,4904
90,66,2993
90,67,812
90,68,6241
90,69,5626
90,70,1408
90,71,7023
90,72,7060
90,73,1748
90,74,5867
90,75,5081
90,76,5972
90,77,7545
90,78,7067
90,79,2684
90,80,3998
90,81,3421
90,82,6662
90,83,5648
90,84,1904
90,85,8322
90,86,3573
90,87,7339
90,88,8068
90,89,4072
90,91,4531
90,92,6588
90,93,2756
90,94,4244
90,95,5226
90,96,247
90,97,3572
90,98,3449
90,99,3552
90,100,966
91,0,11916
91,1,426
91,2,1929
91,3,1436
91,4,3055
91,5,2921
91,6,2763
91,7,2779
91,8,3952
91,9,4450
91,10,4482
91,11,1527
91,12,3921
91,13,2478
91,14,3846
91,15,1530
91,16,4804
91,17,3832
91,18,2393
91,19,4071
91,20,4065
91,21,4033
91,22,260
91,23,1041
91,24,4232
91,25,4166
91,26,4786
91,27,2172
91,28,2130
91,29,4814
91,30,4750
91,31,4016
91,32,3381
91,33,1580
91,34,2671
91,35,1949
91,36,2486
91,37,2445
91,38,1282
91,39,2804
91,40,2128
91,41,3488
91,42,1589
91,43,3398
91,44,4142
91,45,4874
91,46,3785
91,47,5347
91,48,2465
91,49,2572
91,50,1360
91,51,3786
91,52,2080
91,53,4012
91,54,786
91,55,4084
91,56,1906
91,57,1360
91,58,3903
91,59,2721
91,60,3772
91,61,1482
91,62,2778
91,63,1729
91,64,864
91,65,1775
91,66,2777
91,67,3744
91,68,1951
91,69,1136
91,70,3443
91,71,3596
91,72,3524
91,73,2783
91,74,2521
91,75,1276
91,76,1453
91,77,4933
91,78,3784
91,79,1981
91,80,3390
91,81,1810
91,82,2992
91,83,1339
91,84,3085
91,85,3846
91,86,1450
91,87,3342
91,88,4073
91,89,494
91,90,4531
91,92,4712
91,93,3865
91,94,3519
91,95,1695
91,96,4345
91,97,1411
91,98,3115
91,99,1832
91,100,4747
92,0,9315
92,1,4333
92,2,6533
92,3,3456
92,4,4558
92,5,4393
92,6,2066
92,7,5322
92,8,2532
92,9,7033
92,10,6779
92,11,6163
92,12,2794
92,13,6631
92,14,2083
92,15,3198
92,16,6347
92,17,2250
92,18,6101
92,19,1603
92,20,3329
92,21,7783
92,22,4932
92,23,3701
92,24,7704
92,25,6238
92,26,6850
92,27,5355
92,28,5203
92,29,6305
92,30,6531
92,31,824
92,32,1943
92,33,4037
92,34,3503
92,35,6658
92,36,5719
92,37,6981
92,38,5163
92,39,1990
92,40,6112
92,41,6712
92,42,3123
92,43,2038
92,44,5267
92,45,6824
92,46,5178
92,47,7006
92,48,2657
92,49,5257
92,50,6054
92,51,3889
92,52,5773
92,53,809
92,54,4965
92,55,1607
92,56,3274
92,57,3652
92,58,7012
92,59,3783
92,60,3810
92,61,5456
92,62,2021
92,63,6375
92,64,3847
92,65,6485
92,66,6859
92,67,5920
92,68,3925
92,69,5149
92,70,5221
92,71,2296
92,72,2482
92,73,5522
92,74,2451
92,75,3516
92,76,5112
92,77,1258
92,78,2064
92,79,5617
92,80,2590
92,81,6098
92,82,2711
92,83,5620
92,84,4760
92,85,5306
92,86,3930
92,87,3397
92,88,3644
92,89,4570
92,90,6588
92,91,4712
92,93,3942
92,94,2348
92,95,3092
92,96,6342
92,97,3971
92,98,3145
92,99,3615
92,100,6032
93,0,13152
93,1,3492
93,2,4707
93,3,3835
93,4,1184
93,5,5869
93,6,3659
93,7,6257
93,8,5338
93,9,3334
93,10,3003
93,11,4523
93,12,1172
93,13,4149
93,14,1860
93,15,3026
93,16,2423
93,17,1694
93,18,3407
93,19,2349
93,20,5961
93,21,4641
93,22,3889
93,23,3160
93,24,4374
93,25,2460
93,26,2993
93,27,2654
93,28,5736
93,29,2376
93,30,2635
93,31,3197
93,32,2122
93,33,4633
93,34,1245
93,35,5183
93,36,2831
93,37,4904
93,38,3192
93,39,3579
93,40,3661
93,41,3430
93,42,3237
93,43,4490
93,44,1353
93,45,2942
93,46,1367
93,47,3071
93,48,2109
93,49,6080
93,50,4628
93,51,6141
93,52,3229
93,53,3881
93,54,3421
93,55,2348
93,56,2193
93,57,2633
93,58,3586
93,59,5338
93,60,6083
93,61,3352
93,62,3588
93,63,4696
93,64,3409
93,65,5161
93,66,4232
93,67,2257
93,68,4849
93,69,4948
93,70,1591
93,71,4892
93,72,4982
93,73,2372
93,74,3907
93,75,3657
93,76,5186
93,77,5023
93,78,4858
93,79,3116
93,80,1418
93,81,3964
93,82,4722
93,83,5204
93,84,1342
93,85,6975
93,86,2421
93,87,5521
93,88,6169
93,89,3395
93,90,2756
93,91,3865
93,92,3942
93,94,1625
93,95,3575
93,96,2522
93,97,2457
93,98,1052
93,99,2085
93,100,2093
94,0,11529
94,1,3093
94,2,4954
94,3,2897
94,4,2253
94,5,4736
94,6,2247
94,7,5334
94,8,3825
94,9,4716
94,10,4444
94,11,4658
94,12,634
94,13,4745
94,14,382
94,15,2174
94,16,4003
94,17,315
94,18,4099
94,19,833
94,20,4510
94,21,5658
94,22,3649
94,23,2538
94,24,5508
94,25,3900
94,26,4503
94,27,3305
94,28,4935
94,29,3962
94,30,4183
94,31,1576
94,32,520
94,33,3714
94,34,1302
94,35,5268
94,36,3623
94,37,5300
94,38,3413
94,39,2151
94,40,4214
94,41,4513
94,42,2296
94,43,2991
94,44,2922
94,45,4476
94,46,2831
94,47,4664
94,48,1082
94,49,5189
94,50,4655
94,51,4791
94,52,3815
94,53,2260
94,54,3409
94,55,838
94,56,1623
94,57,2166
94,58,4772
94,59,4144
94,60,4725
94,61,3670
94,62,2169
94,63,4862
94,64,2783
94,65,5168
94,66,4919
94,67,3600
94,68,3827
94,69,4398
94,70,2896
94,71,3395
94,72,3511
94,73,3325
94,74,2582
94,75,2793
94,76,4535
94,77,3398
94,78,3323
94,79,3666
94,80,253
94,81,4343
94,82,3345
94,83,4772
94,84,2457
94,85,5833
94,86,2224
94,87,4174
94,88,4752
94,89,3167
94,90,4244
94,91,3519
94,92,2348
94,93,1625
94,95,2544
94,96,3998
94,97,2273
94,98,834
94,99,1811
94,100,3695
95,0,10528
95,1,1395
95,2,3613
95,3,388
95,4,3277
95,5,2294
95,6,1074
95,7,2791
95,8,2409
95,9,5369
95,10,5278
95,11,3215
95,12,3119
95,13,3995
95,14,2758
95,15,604
95,16,5298
95,17,2812
95,18,3689
95,19,2809
95,20,2732
95,21,5433
95,22,1943
95,23,886
95,24,5523
95,25,4835
95,26,5503
95,27,3156
95,28,2409
95,29,5286
95,30,5342
95,31,2486
95,32,2198
95,33,1174
95,34,2374
95,35,3629
95,36,3542
95,37,4114
95,38,2551
95,39,1125
95,40,3546
95,41,4630
95,42,361
95,43,1741
95,44,4379
95,45,5549
95,46,4093
95,47,5932
95,48,1533
95,49,2645
95,50,3053
95,51,2698
95,52,3340
95,53,2349
95,54,2178
95,55,2824
95,56,1435
95,57,1258
95,58,5020
95,59,1780
95,60,2654
95,61,2838
95,62,1096
95,63,3420
95,64,887
95,65,3436
95,66,4274
95,67,4417
95,68,1298
95,69,2083
95,70,3883
95,71,2000
95,72,1970
95,73,3614
95,74,842
95,75,429
95,76,2111
95,77,3238
95,78,2149
95,79,3198
95,80,2531
95,81,3362
95,82,1488
95,83,2540
95,84,3405
95,85,3400
95,86,1665
95,87,2114
95,88,2844
95,89,1717
95,90,5226
95,91,1695
95,92,3092
95,93,3575
95,94,2544
95,96,4996
95,97,1675
95,98,2560
95,99,1700
95,100,5124
96,0,15308
96,1,4166
96,2,4053
96,3,5086
96,4,1839
96,5,7090
96,6,5528
96,7,7118
96,8,7235
96,9,884
96,10,495
96,11,4096
96,12,3674
96,13,3053
96,14,4306
96,15,4396
96,16,615
96,17,4149
96,18,2416
96,19,4801
96,20,7702
96,21,2659
96,22,4214
96,23,4226
96,24,2226
96,25,180
96,26,522
96,27,2197
96,28,6475
96,29,666
96,30,422
96,31,5545
96,32,4414
96,33,5704
96,34,2936
96,35,4684
96,36,1978
96,37,3958
96,38,3122
96,39,5478
96,40,2817
96,41,1609
96,42,4640
96,43,6413
96,44,1207
96,45,552
96,46,1173
96,47,1004
96,48,3978
96,49,6913
96,50,4344
96,51,7688
96,52,2527
96,53,6124
96,54,3594
96,55,4803
96,56,3643
96,57,3747
96,58,1485
96,59,6705
96,60,7648
96,61,3049
96,62,5476
96,63,4174
96,64,4396
96,65,4790
96,66,2946
96,67,603
96,68,6027
96,69,5449
96,70,1163
96,71,6783
96,72,6821
96,73,1568
96,74,5630
96,75,4860
96,76,5791
96,77,7298
96,78,6825
96,79,2538
96,80,3753
96,81,3308
96,82,6427
96,83,5487
96,84,1660
96,85,8118
96,86,3350
96,87,7110
96,88,7837
96,89,3879
96,90,247
96,91,4345
96,92,6342
96,93,2522
96,94,3998
96,95,4996
96,97,3350
96,98,3202
96,99,3317
96,100,857
97,0,12171
97,1,1038
97,2,2694
97,3,1736
97,4,1760
97,5,3762
97,6,2432
97,7,3933
97,8,4036
97,9,3694
97,10,3609
97,11,2386
97,12,2579
97,13,2659
97,14,2636
97,15,1101
97,16,3701
97,17,2586
97,18,2172
97,19,2960
97,20,4407
97,21,3909
97,22,1462
97,23,880
97,24,3931
97,25,3183
97,26,3847
97,27,1522
97,28,3353
97,29,3697
97,30,3714
97,31,3177
97,32,2277
97,33,2396
97,34,1266
97,35,2998
97,36,1912
97,37,3075
97,38,1202
97,39,2419
97,40,2144
97,41,2996
97,42,1335
97,43,3280
97,44,2883
97,45,3902
97,46,2554
97,47,4311
97,48,1361
97,49,3740
97,50,2388
97,51,4345
97,52,1829
97,53,3431
97,54,1136
97,55,2971
97,56,713
97,57,423
97,58,3372
97,59,3356
97,60,4307
97,61,1490
97,62,2405
97,63,2592
97,64,1076
97,65,2908
97,66,2892
97,67,2760
97,68,2696
97,69,2496
97,70,2281
97,71,3602
97,72,3603
97,73,1940
97,74,2409
97,75,1511
97,76,2755
97,77,4533
97,78,3703
97,79,1675
97,80,2098
97,81,2147
97,82,3152
97,83,2749
97,84,1841
97,85,4822
97,86,48
97,87,3779
97,88,4515
97,89,960
97,90,3572
97,91,1411
97,92,3971
97,93,2457
97,94,2273
97,95,1675
97,96,3350
97,98,1738
97,99,465
97,100,3571
98,0,12201
98,1,2706
98,2,4319
98,3,2847
98,4,1423
98,5,4850
98,6,2610
98,7,5297
98,8,4302
98,9,3893
98,10,3634
98,11,4060
98,12,864
98,13,4000
98,14,1196
98,15,2045
98,16,3260
98,17,1071
98,18,3324
98,19,1667
98,20,4911
98,21,4838
98,22,3195
98,23,2264
98,24,4677
98,25,3094
98,26,3715
98,27,2525
98,28,4815
98,29,3225
98,30,3416
98,31,2343
98,32,1212
98,33,3662
98,34,534
98,35,4698
98,36,2821
98,37,4618
98,38,2757
98,39,2533
98,40,3474
98,41,3683
98,42,2237
98,43,3453
98,44,2192
98,45,3698
98,46,2050
98,47,3927
98,48,1060
98,49,5130
98,50,4100
98,51,5090
98,52,3059
98,53,2947
98,54,2844
98,55,1671
98,56,1264
98,57,1779
98,58,3939
98,59,4304
98,60,5031
98,61,2988
98,62,2541
98,63,4255
98,64,2519
98,65,4628
98,66,4154
98,67,2779
98,68,3850
98,69,4121
98,70,2077
98,71,3852
98,72,3937
98,73,2500
98,74,2855
98,75,2688
98,76,4319
98,77,4115
98,78,3830
98,79,2917
98,80,582
98,81,3655
98,82,3670
98,83,4435
98,84,1627
98,85,5957
98,86,1692
98,87,4470
98,88,5117
98,89,2694
98,90,3449
98,91,3115
98,92,3145
98,93,1052
98,94,834
98,95,2560
98,96,3202
98,97,1738
98,99,1286
98,100,2979
99,0,12059
99,1,1431
99,2,3146
99,3,1860
99,4,1579
99,5,3924
99,6,2263
99,7,4201
99,8,3939
99,9,3765
99,10,3630
99,11,2847
99,12,2117
99,13,3038
99,14,2178
99,15,1096
99,16,3599
99,17,2124
99,18,2485
99,19,2518
99,20,4385
99,21,4188
99,22,1909
99,23,1089
99,24,4159
99,25,3161
99,26,3830
99,27,1759
99,28,3658
99,29,3586
99,30,3649
99,31,2805
99,32,1845
99,33,2606
99,34,851
99,35,3463
99,36,2138
99,37,3511
99,38,1624
99,39,2231
99,40,2512
99,41,3190
99,42,1339
99,43,3140
99,44,2691
99,45,3867
99,46,2395
99,47,4236
99,48,962
99,49,4017
99,50,2853
99,51,4397
99,52,2158
99,53,3133
99,54,1600
99,55,2529
99,56,365
99,57,552
99,58,3540
99,59,3462
99,60,4352
99,61,1898
99,62,2223
99,63,3051
99,64,1331
99,65,3373
99,66,3251
99,67,2753
99,68,2866
99,69,2873
99,70,2186
99,71,3492
99,72,3517
99,73,2053
99,74,2320
99,75,1653
99,76,3102
99,77,4269
99,78,3561
99,79,2003
99,80,1633
99,81,2568
99,82,3111
99,83,3161
99,84,1705
99,85,5010
99,86,417
99,87,3806
99,88,4525
99,89,1409
99,90,3552
99,91,1832
99,92,3615
99,93,2085
99,94,1811
99,95,1700
99,96,3317
99,97,465
99,98,1286
99,100,3426
100,0,15181
100,1,4504
100,2,4736
100,3,5274
100,4,1847
100,5,7328
100,6,5498
100,7,7471
100,8,7215
100,9,1702
100,10,1290
100,11,4729
100,12,3262
100,13,3799
100,14,3952
100,15,4522
100,16,373
100,17,3787
100,18,3109
100,19,4443
100,20,7753
100,21,3515
100,22,4654
100,23,4445
100,24,3080
100,25,957
100,26,1085
100,27,2719
100,28,6856
100,29,310
100,30,668
100,31,5271
100,32,4164
100,33,5967
100,34,2853
100,35,5348
100,36,2595
100,37,4699
100,38,3616
100,39,5435
100,40,3497
100,41,2437
100,42,4763
100,43,6373
100,44,789
100,45,974
100,46,1031
100,47,979
100,48,3906
100,49,7272
100,50,4950
100,51,7816
100,52,3152
100,53,5920
100,54,4049
100,55,4442
100,56,3704
100,57,3925
100,58,2340
100,59,6887
100,60,7768
100,61,3604
100,62,5437
100,63,4831
100,64,4647
100,65,5428
100,66,3725
100,67,1195
100,68,6262
100,69,5878
100,70,1307
100,71,6761
100,72,6822
100,73,2104
100,74,5662
100,75,5058
100,76,6198
100,77,7080
100,78,6769
100,79,3131
100,80,3468
100,81,3966
100,82,6479
100,83,5977
100,84,1734
100,85,8393
100,86,3560
100,87,7215
100,88,7919
100,89,4259
100,90,966
100,91,4747
100,92,6032
100,93,2093
100,94,3695
100,95,5124
100,96,857
100,97,3571
100,98,2979
100,99,3426
